id,price
0,2781.871470480143
1,5652.885163551391
2,9293.6412922965
3,3878.5108064472006
4,1587.2074187010644
5,6043.541900509079
6,5159.5443729061
7,4235.2039472639435
8,5318.086463314752
9,15389.044198077867
10,4596.310492171742
11,865.7140712040064
12,2777.1033501972643
13,1602.8762211459011
14,2541.1370049158095
15,1183.7686393543404
16,1543.1032447627967
17,3959.258108264832
18,4053.3210146030556
19,908.1666389856377
20,2080.986396469193
21,4955.427998192183
22,4310.747456627814
23,570.4159030896867
24,16017.173127265809
25,994.7610195846873
26,714.9283597956714
27,1101.0250125126686
28,1673.290155122721
29,868.3647814108617
30,9974.602209195566
31,595.6555682657745
32,4230.23046293343
33,772.6701118867991
34,693.0414538108853
35,2007.2340404573954
36,5882.706870356846
37,2539.3436623075663
38,2751.0351075556982
39,628.2687680346203
40,526.8429272677677
41,9732.271586406687
42,922.9357377915499
43,1816.7984275814038
44,10783.990469665518
45,2428.9446763099936
46,887.9152160382278
47,854.8079991623181
48,1218.2293556090335
49,2804.746552940608
50,679.0842492079205
51,4563.71057782586
52,2986.6014789109777
53,7055.81156077296
54,5639.140778558013
55,2119.4955448496803
56,9245.863274279382
57,2465.075080238472
58,4401.023888694282
59,2716.9148424089917
60,1262.0512442252784
61,557.2310653642753
62,7102.892587636716
63,1133.0359971901585
64,8831.009939790067
65,17767.25944372035
66,953.6454889600609
67,11783.68994255867
68,5420.864395651366
69,9755.502816877994
70,444.6648985928664
71,640.3521537631855
72,778.778636593006
73,1153.1964093718834
74,5148.22472720973
75,1825.198527080072
76,8570.839463679498
77,13418.752624587853
78,2610.4590656720984
79,6484.117874490532
80,10839.355609258211
81,2055.989451490279
82,14952.12296530209
83,6775.677049191629
84,909.7959732306681
85,7635.097084088344
86,1060.7474591732093
87,12878.456627353651
88,8876.416874791656
89,14807.701754270429
90,4842.305357315571
91,1349.7475790775275
92,974.8064308602961
93,947.7607810414402
94,17580.18435895437
95,470.4236681068883
96,14308.920391399628
97,14771.447993738477
98,12752.002197810416
99,816.9073929583183
100,2621.2180730474956
101,761.7872375638285
102,716.8932947471708
103,438.6734792547513
104,1093.2651225564555
105,1671.2910454391617
106,1366.9493821588153
107,785.3329854023209
108,1174.42527754789
109,692.9082145766783
110,493.46616050845614
111,1230.9887319139343
112,1874.739656565946
113,1731.2798891114899
114,1361.526936126712
115,4977.258318881534
116,5142.999070214806
117,14346.70382856589
118,395.18363407189054
119,16299.201098302638
120,1422.3839896982581
121,1612.5904596527917
122,1151.609109157766
123,449.10639775625305
124,657.6378278357338
125,1232.1569701563176
126,1133.4181546695754
127,12915.999426206099
128,5589.0453385621695
129,5227.431938471498
130,6510.604563291653
131,3241.578559634137
132,6798.205533512184
133,1050.4322050216574
134,3684.895876031423
135,1177.7848466705295
136,600.0523275064943
137,6968.79121954906
138,542.1402065063371
139,4428.442699488082
140,833.3747923689398
141,906.4387111156861
142,3490.020901875586
143,4407.894795098629
144,805.3230527507658
145,6304.984521196275
146,16180.288502500482
147,5164.197530724604
148,2672.7945077650015
149,1862.3628898638544
150,2546.8512144261704
151,1770.0788483869637
152,11661.678668569646
153,2651.557367184286
154,696.7459273234854
155,15402.682471217291
156,3316.2537519169755
157,2944.5192693103354
158,3847.7584357020487
159,890.3591490107015
160,7838.454806592399
161,10140.648804901764
162,644.6414528704031
163,772.8351125433328
164,5510.8806966555485
165,11127.94050188854
166,3184.9188032512106
167,4594.503367847385
168,3395.0785638890384
169,11213.680976795904
170,743.0530124854849
171,1584.0673728739066
172,4580.440996022502
173,1959.2783202407622
174,6183.46844586639
175,1839.6558924876404
176,4522.244363508996
177,3502.073699366085
178,2763.710632577995
179,3330.723783385572
180,3398.101654499381
181,1346.765593714741
182,932.6946510392922
183,1504.9870544394125
184,688.6513519121354
185,4029.479715414653
186,791.5321999860557
187,819.0309319280186
188,507.15318289243623
189,1781.977977585797
190,2223.030715525172
191,712.1501636001522
192,868.4504909876869
193,6112.536620348608
194,4117.5076355692945
195,2446.1328671514084
196,617.6465064127187
197,13146.062246315661
198,680.9391577364195
199,9130.05200247293
200,10180.65328877798
201,6391.7128059334445
202,717.8550019927075
203,780.9219405024514
204,6575.13879132631
205,3591.1496711050154
206,626.4998401757407
207,2970.5416628698104
208,926.125988897084
209,8124.347670116845
210,2637.972002706468
211,7141.719870653407
212,11210.606577151946
213,420.5012950405917
214,1298.0187258265005
215,933.9537634514804
216,2706.580930797112
217,2579.9984773658834
218,822.0247430949607
219,1329.8059852485171
220,2132.9640730094225
221,1954.3080403002446
222,9279.357527592227
223,1078.5296038818715
224,1344.421858896494
225,4627.4284778640695
226,3841.5313892720756
227,1936.4542514099192
228,6568.261192653601
229,1838.247515575098
230,5171.720184899452
231,1515.9416990444888
232,1120.6143269552708
233,1615.8617809765074
234,961.2784598685926
235,9132.733846213472
236,1255.064976590766
237,1095.4545336769302
238,4680.285928120856
239,8493.817935721592
240,5966.964499105092
241,900.9126061229022
242,15871.23134301228
243,4531.520719717679
244,434.97017908182943
245,1038.5397316529625
246,2578.256298010312
247,7132.296357676463
248,10616.909583696211
249,5605.8925819749375
250,5359.3195984968015
251,1568.7961258957098
252,2749.1758072878883
253,4995.884795037777
254,5045.556457778648
255,1473.8240067747374
256,672.6553827977418
257,1964.9316336309128
258,761.2961665602988
259,14944.127910648453
260,6429.939984056309
261,4749.381076531265
262,1761.8386399702786
263,3850.6685384496654
264,860.688822493049
265,2261.2666513825943
266,8712.569851874141
267,1715.690255039789
268,1082.5090733486686
269,9146.01938332486
270,7618.233148491836
271,752.2616770945433
272,4357.503706987679
273,5117.144212160162
274,532.349608466784
275,934.0696922551688
276,6120.147218136135
277,583.1259061543615
278,6364.623239916738
279,8690.04288490253
280,1631.8600919773226
281,2790.9128987256636
282,3990.96840588592
283,8759.247709060874
284,8995.761137145511
285,11233.729830122495
286,5017.287853364469
287,15814.19943536883
288,1817.0675724514085
289,6165.632155820216
290,344.0471428739702
291,8537.373546864636
292,17973.584444069777
293,949.4875371732701
294,7439.190659943035
295,1742.0121946999298
296,2162.647334992923
297,720.2693676809422
298,417.58632899468967
299,5614.264478922674
300,2016.563967840954
301,1162.9769398085973
302,3671.9064742682094
303,5869.472037541415
304,5891.472988014409
305,8642.003465712321
306,1145.4851555284872
307,1052.6287860934308
308,1773.7082079191068
309,2191.558830828115
310,1776.8613346877987
311,397.196819996916
312,7718.482687278894
313,5296.368007574804
314,2316.837803035735
315,10617.466154101765
316,701.9738505870678
317,1074.565290770167
318,946.6343906959423
319,8139.892261382562
320,5018.806706433968
321,429.513722752999
322,474.2331093014186
323,538.1744907518746
324,1011.9952541503731
325,5478.425044706753
326,1558.855785368838
327,1783.213287028137
328,6736.501004117082
329,539.2001731547134
330,17685.68447593185
331,2308.5018559595333
332,882.4171990692453
333,8616.175827261986
334,3432.0414164068316
335,1750.0862249763004
336,15082.751905951076
337,1013.8447977748197
338,890.0875958554961
339,6014.386189860963
340,636.1236171551
341,1602.856541986907
342,633.9160093976184
343,4552.737291680407
344,4401.661029908816
345,1786.7706868218238
346,717.1972810065458
347,2647.2762334488634
348,4789.488709612693
349,817.7737285513526
350,3482.65771124406
351,493.47141306625053
352,2744.2363396745313
353,1933.1948974181666
354,664.5419509327357
355,1471.4262758438613
356,696.5148794848819
357,11217.907599457894
358,1458.6289275131453
359,414.3808878160612
360,950.2676733908124
361,8081.652369420876
362,567.9502549602448
363,9055.151038573717
364,3432.9818014277157
365,780.5742163562463
366,792.3564688132478
367,4682.57441667305
368,1763.550601485725
369,657.1337944334778
370,577.6227078725651
371,825.0121027816513
372,6462.26685529729
373,901.245419537519
374,442.1779767491571
375,910.1844556383348
376,694.5460899622926
377,4220.331104368925
378,2804.9345446477314
379,598.8157300359367
380,4493.1490932649685
381,461.138351237546
382,769.8354379622347
383,9822.130719400622
384,1136.183572698761
385,782.1545250485974
386,16067.666770922675
387,11772.386403966968
388,841.1968797713807
389,706.1030667476989
390,2754.8268852946085
391,897.1185486891418
392,8653.892608164537
393,557.9102992657877
394,1876.8866823245867
395,4793.284166059162
396,784.7042830306054
397,2064.0960247605544
398,1063.9344106385438
399,2278.3093836772086
400,4997.490511965973
401,630.4931666038706
402,2468.8833688426826
403,10539.663177234805
404,1380.7241631382121
405,1182.8236842462002
406,577.12685073069
407,17702.301432771565
408,2013.7516492861334
409,6002.201392232235
410,854.0460451679014
411,766.4476027475771
412,4418.261493756146
413,1495.8716844227129
414,7194.819506818365
415,817.0733835037267
416,1455.1227588926731
417,7938.538348730608
418,325.97916110041615
419,4702.285481238006
420,13684.571861796314
421,4314.451022195988
422,4576.443003960072
423,923.2074900298967
424,1392.4632559460379
425,497.8421864225893
426,769.400909255055
427,14228.711840280974
428,1759.265807654751
429,7648.353006560792
430,4722.592729479844
431,16526.104830485325
432,2136.8016848681227
433,3150.609181691183
434,607.127189085887
435,3224.490720927707
436,2356.695637642132
437,1190.149744110142
438,6895.737127202362
439,544.333365047315
440,3551.8345073947376
441,1540.8333139119159
442,766.4524945909275
443,701.3924230767593
444,942.3581316748614
445,1102.5005552163334
446,2331.660914014698
447,5441.931948199802
448,835.2810173725989
449,2301.6229351577235
450,711.9095607588902
451,1222.477823050413
452,6609.831125979028
453,6517.108355254404
454,2904.9569884626544
455,5149.330460624822
456,1007.7900658185599
457,12654.393595919
458,3968.653087914736
459,5035.450013491881
460,12746.374472838443
461,490.52330634470627
462,795.6066823998822
463,486.24730338865174
464,855.3753846609566
465,4093.518889638523
466,870.7086851157105
467,4063.2266365719775
468,4602.817967836758
469,1403.2358148927187
470,2629.5431190802656
471,2300.554104270792
472,2345.8945044192014
473,7408.7279055192375
474,1346.8589462499617
475,1143.8100779583724
476,15851.23215380754
477,5453.710376205978
478,2665.132393158545
479,10671.595819587907
480,794.0518772278288
481,5568.021681887038
482,10876.763320616375
483,14220.871088899026
484,1379.7304060608817
485,4314.258892172228
486,11527.512562702814
487,3032.8481239134917
488,2604.7705445910005
489,1948.684179981802
490,633.371435463423
491,704.5280968326674
492,4850.815189202062
493,9425.516046515728
494,2325.6874099148235
495,910.9962775064591
496,2316.5482725276515
497,5148.859137517033
498,1851.725795747755
499,4153.982164710301
500,9970.732828865508
501,668.5516940919442
502,9462.14738969992
503,1468.3623737226585
504,507.0580587457571
505,4679.578565343053
506,474.28575904848276
507,3828.777293997604
508,1812.5897940691161
509,1198.7005245741452
510,1486.0165429177146
511,648.8414871007717
512,1071.0194542090967
513,3748.3670724941267
514,3322.5778722515643
515,15286.777630353801
516,4549.094735700697
517,6932.299526306479
518,1190.79591829302
519,1936.416902151801
520,5360.391541119764
521,1941.4754100322157
522,773.3531760875344
523,6259.931312963717
524,9434.840801581126
525,1849.5741316997592
526,1315.6731601380993
527,2371.788814632994
528,4711.236247615727
529,5131.699435054084
530,2734.7809214670233
531,2073.161936995872
532,2967.0020783784294
533,7450.922460691256
534,2514.9804838701775
535,15360.10683435739
536,15216.923833795705
537,4766.60690053171
538,2034.8653423686585
539,2040.0391510287172
540,10092.499723231846
541,10705.348717810886
542,667.4339083770615
543,14756.299220267176
544,672.9399882019525
545,7568.514827494731
546,10089.853277979475
547,1865.461729561217
548,928.3871167599395
549,8202.364033133572
550,533.8156061627242
551,1001.4746226913217
552,6691.872041079951
553,1547.2133315957944
554,2615.9751906853576
555,15201.936009379855
556,4941.1633113778535
557,10110.544126079874
558,1511.136325885282
559,2748.116718019887
560,795.9420854022551
561,2634.4138053762003
562,709.0914570699451
563,4164.060700550624
564,5543.267543332355
565,2430.7762243041916
566,2471.379575157145
567,2259.8124223196633
568,5478.329161617707
569,1810.990696227249
570,1283.2267992913335
571,4311.818291411411
572,15093.961530015098
573,14820.876561733678
574,4947.637782595932
575,561.6160213678586
576,4482.815174945378
577,1103.551460535727
578,543.885468591448
579,3692.5033181841723
580,2204.3053950923277
581,883.9309210247097
582,891.8448758975815
583,481.64169004414634
584,8379.129597503605
585,1630.7737424178063
586,934.0511722650181
587,905.0380850441584
588,2217.918319008626
589,3523.8321785801845
590,1799.254549525604
591,489.91256986597455
592,955.9065949398614
593,676.9658554394441
594,8800.536558009735
595,1281.6767554189437
596,14805.171827140439
597,1013.2838869791967
598,1181.6572916438413
599,3340.2253839165032
600,2422.591458687656
601,8439.846913296005
602,2303.555724400854
603,10164.8998490342
604,708.6587496547991
605,1166.1719630338343
606,821.8710624376545
607,5350.249743581169
608,2327.82441372416
609,635.054338275118
610,1806.7618752697363
611,927.6790788844314
612,3400.785920640133
613,3170.4531956043998
614,1050.2290996728702
615,444.24588461119083
616,676.59928899443
617,3416.08805904985
618,13940.546342444904
619,10445.988698069432
620,857.3984436851388
621,723.7412217150236
622,840.1513268205481
623,2216.1959002399253
624,4863.067195483288
625,15207.635439652646
626,981.2644376473409
627,811.1587592435812
628,1768.5717649453009
629,3680.7922748093274
630,2310.534770153593
631,10463.571680814459
632,1196.6856421989628
633,1122.3819944351435
634,3781.666274786186
635,7724.407746330144
636,4166.749668779402
637,1075.8702515743635
638,13411.774655012592
639,4729.845474154549
640,6890.278761532905
641,482.97646603043813
642,900.092253516968
643,4532.412554657372
644,1054.0747479968568
645,788.2721576564468
646,1917.424402410703
647,1782.8467175001038
648,4843.534366236818
649,1849.5462643405544
650,3622.9683730068364
651,15388.567968533542
652,1148.255978428649
653,1829.8625922284846
654,962.6512905197487
655,17354.93573721183
656,2764.488214823208
657,1236.9684591395262
658,833.7424526454342
659,922.6338315854755
660,3032.62953115469
661,1089.855177361655
662,4310.411347604129
663,506.2187610135802
664,358.36698490535946
665,908.2735033282775
666,5763.293534317877
667,3618.3649553824675
668,16812.192676511324
669,14735.591745185255
670,1994.5892975902923
671,15479.234429474793
672,1351.0816166670343
673,3708.763102741601
674,957.3367260383802
675,6593.288256366761
676,3857.3099165038234
677,1562.6435407486433
678,1221.4290594737631
679,1273.2717567078203
680,769.2473945788443
681,8368.658334124455
682,1918.0348062363123
683,1328.992348025814
684,4114.816566879894
685,705.2040325236458
686,1477.2156531728824
687,2566.972661733469
688,674.2900189307643
689,15905.504485122083
690,2930.4901521699203
691,762.6033234409852
692,1098.8073681639844
693,8023.099406103024
694,5609.182625036506
695,12546.814502912908
696,724.7377272317053
697,3212.6858395507206
698,562.675798279477
699,1215.0490169558248
700,1022.4466712544217
701,2688.7924569618995
702,761.5629990738275
703,2481.8588202255414
704,4134.105928368488
705,795.8374563072612
706,405.14812174961025
707,5290.5549284256795
708,959.8127790200665
709,562.7988591169674
710,6789.596615218372
711,4865.669873993603
712,629.6842241017052
713,920.9511179266046
714,495.2951003871308
715,660.5550127940833
716,1485.3319187196244
717,6025.630911087566
718,14679.847196278906
719,8255.081440564218
720,12350.33590272417
721,4189.102172677946
722,558.5894573018136
723,2327.1568501509346
724,2642.7509883535677
725,4895.058722966822
726,1000.2863614915086
727,728.3537382228437
728,1563.998818458772
729,10132.614791263952
730,12678.583396082382
731,2035.6276476070095
732,631.5266411921166
733,4713.3310363188575
734,5080.810632660954
735,10345.177611607847
736,6944.579413575346
737,1999.575024674797
738,646.8329138638642
739,5429.319984950269
740,2471.4395336980715
741,6117.012037642116
742,5056.222114982766
743,703.7688400569878
744,10685.372710554735
745,16447.059910683878
746,901.2549195643155
747,1105.4987897839947
748,1692.16287595644
749,696.4178675352923
750,1178.9936271671227
751,1934.7769676261087
752,5291.926194240176
753,3678.7820416255427
754,757.3126656444015
755,2820.2833107525316
756,9246.31035581043
757,1764.8328586109333
758,2373.5877074266828
759,13567.249293774134
760,8184.252521904441
761,1366.078746923124
762,1418.3752449868475
763,1821.7735111693532
764,4545.475010304638
765,1900.9485632235478
766,5616.702556398946
767,4732.428603050738
768,910.5416161710768
769,622.4846903514685
770,5089.09978309249
771,695.528331163117
772,846.6365098626716
773,544.9427644285106
774,4120.236307709724
775,4470.364418859746
776,983.7041602338663
777,1071.4285062750005
778,6242.868910284671
779,5658.937462161666
780,6563.974173518379
781,5449.9754428664955
782,590.3094505707991
783,4595.475078018011
784,786.9569331207967
785,1891.4347968065226
786,705.611223909164
787,5012.499430843974
788,1815.0715658892232
789,592.815608167638
790,4301.085771191832
791,966.3464861952702
792,4702.391180163523
793,500.7360805543781
794,1441.864313265734
795,5190.768209623931
796,2981.225819506668
797,6453.737855561482
798,14774.845804134542
799,674.496658854538
800,694.5416468277303
801,1465.9823889364739
802,777.7644924655988
803,13865.578670460001
804,756.9115672453377
805,1493.4795345381795
806,1681.71887062812
807,1836.9186436881428
808,580.7811026635113
809,622.5108523014774
810,649.1616945780338
811,4284.300317663477
812,683.7848842649337
813,1816.2741353241868
814,1013.8235416889374
815,6001.061885514762
816,5019.477522241745
817,5478.495723444562
818,1533.515242084523
819,549.2079587511662
820,5119.447684643043
821,1654.8889550116432
822,4203.751679988529
823,3128.652906854901
824,603.1609118737952
825,1425.156858159065
826,775.7744315237837
827,1659.4028624393804
828,5232.7551875216905
829,3919.7452839000644
830,2493.8918663517993
831,4932.3385996593925
832,523.3449811682317
833,2396.4129319358062
834,5247.67894996278
835,10809.19607953956
836,505.23767950396996
837,5363.279065563476
838,1612.331622501883
839,7165.35863740067
840,1250.37196006069
841,2388.3413758224633
842,615.6040189179398
843,1832.1582531075142
844,2682.5904754392586
845,9204.782664853054
846,925.4949237790124
847,1968.5241568689296
848,15302.73288680579
849,715.1999620630772
850,1526.1957605840926
851,9484.16475432863
852,1005.016188467077
853,325.6410247062495
854,5052.179420535593
855,2135.7940243565986
856,1856.1776041271264
857,1758.1189832284203
858,1243.5054881221827
859,6681.153573549619
860,12603.604086884285
861,1773.3867347358828
862,1865.2752705415433
863,687.1391643728807
864,716.3277110698978
865,751.6354156129023
866,2296.025208155726
867,731.8724546079425
868,10370.615066960643
869,2100.4830063384566
870,2401.731333716977
871,915.8729628597616
872,15517.975455197653
873,2182.733631710733
874,786.8200565160773
875,1490.3556326121843
876,1213.5960818719282
877,738.800527304928
878,1896.254091891519
879,9805.533722670698
880,2672.1045700585555
881,4217.899820412871
882,5594.627480194835
883,800.3157010407012
884,2971.498085791174
885,5812.822128610147
886,819.5005889592007
887,360.0285394333987
888,647.2802182027526
889,1228.7790186130387
890,7228.862649292265
891,678.26665315334
892,2653.807210964832
893,1068.2995936512325
894,4745.470603237116
895,673.6829520262854
896,3743.6311302897907
897,1012.1288622811012
898,510.9636210044632
899,3482.041629997627
900,4370.533582338314
901,771.0468483491304
902,5065.021239262089
903,590.766892517252
904,908.7470856652558
905,1050.5541232678652
906,3009.0053741189513
907,2178.6315947811927
908,3838.95013717369
909,8991.93540332651
910,5194.067701465367
911,700.6656519398907
912,10938.033877891605
913,7508.4300531027675
914,1666.9471942468685
915,9953.30896346693
916,10125.970668817292
917,13639.066471877408
918,7728.276594561419
919,644.3411677160393
920,832.9639141887146
921,3298.257961979905
922,3524.9984318143433
923,525.7451165291391
924,17650.69184744195
925,3905.630839887746
926,6293.7275309697125
927,706.779698528972
928,3066.878083635346
929,849.8514854764444
930,3339.6146774275426
931,2943.896267631162
932,759.5020344265849
933,3959.8810763724982
934,4192.068746606323
935,1007.1988471181021
936,918.3667866092455
937,732.5650085597035
938,3939.37365064443
939,492.29229600895223
940,6060.397299915265
941,3949.379545562589
942,1755.5909382167074
943,572.9335037759029
944,542.9396956547721
945,4419.607334020555
946,778.8198754137052
947,872.8821234759462
948,10012.948064455908
949,9417.081791762026
950,760.0768058454569
951,429.3338125531318
952,2699.6292532640546
953,636.8599822243746
954,612.8873522314707
955,6933.106467242376
956,4596.396364160435
957,8929.487100505208
958,2487.592080285631
959,998.0259120277074
960,1861.3721916459513
961,7547.444416484184
962,693.0214853821326
963,2339.941799235841
964,1139.2230737861864
965,9905.492455748372
966,3148.785814443525
967,5602.857081982511
968,6777.81873260104
969,4918.0869957101
970,11014.963429157033
971,2571.981792590658
972,14290.507677627264
973,1062.7416361938613
974,4491.281886155086
975,953.9875934864385
976,1661.9249181926511
977,5108.635346304766
978,1810.9100633241287
979,2051.8321079265434
980,9126.53823275801
981,408.75706396882197
982,1832.477714405641
983,659.745051810512
984,3184.2850001577553
985,16751.889558492046
986,2455.283202192249
987,1098.0029258550821
988,1609.9236157924665
989,2216.9930973303453
990,2437.2469712064803
991,2416.194972957289
992,2219.545243941447
993,714.0961616541517
994,3999.4036497765223
995,1354.8686615952238
996,625.7238408529761
997,891.2254457777008
998,807.7570945573439
999,913.8713949781841
1000,4747.212754323762
1001,9459.085588927002
1002,1150.679137543093
1003,1679.8572828742222
1004,2882.480625072516
1005,635.1115459697335
1006,1312.890046251453
1007,4177.8423365415465
1008,650.0736018136736
1009,2703.0845809067055
1010,6188.142048935072
1011,928.4438903722998
1012,460.02486328975874
1013,6380.189387310711
1014,7559.768485834259
1015,603.2946897897436
1016,6934.8353474087235
1017,898.9133656072877
1018,4797.191737134307
1019,4790.559783951758
1020,9854.6284967154
1021,2127.5804728168923
1022,1286.0735390768796
1023,1315.3495170528963
1024,811.197301450607
1025,18137.991205075705
1026,934.4230908871609
1027,3386.4487758440223
1028,821.2736748873799
1029,1573.3249997798475
1030,536.9502665796904
1031,698.5922331443653
1032,4831.591391427824
1033,4111.2295684251
1034,466.4158914389204
1035,1660.6425174821393
1036,695.372283466249
1037,6678.600004925216
1038,653.4182558607495
1039,11402.51830568129
1040,9997.034271673278
1041,991.8593929236577
1042,10885.51347638258
1043,4275.824846541373
1044,14288.278509500506
1045,505.6696748006143
1046,6002.894305279793
1047,740.2994695696789
1048,786.1362172258209
1049,1630.033527664481
1050,5863.780186301177
1051,3932.215171515157
1052,3611.579424062942
1053,9856.65837423352
1054,11077.494649923623
1055,4973.008012217009
1056,16936.158646544747
1057,4756.930465865278
1058,1705.9734587466073
1059,10357.167019789646
1060,1865.9865988741644
1061,1611.8282522900022
1062,6284.7028880583475
1063,5061.003405028928
1064,997.3142658032411
1065,13710.931078339407
1066,7267.013934650355
1067,691.8052242931849
1068,738.8703787422328
1069,11402.6103445863
1070,737.4841162693106
1071,6982.8139669484535
1072,1373.4226305229827
1073,1343.5234175194055
1074,5691.834076998209
1075,1374.1172996491719
1076,451.55269857986605
1077,12589.01082117351
1078,981.1266559450742
1079,1492.0495403524787
1080,1776.540659656655
1081,4876.135243484586
1082,13408.629872255462
1083,5738.609248933484
1084,678.9349404394306
1085,980.5033611663835
1086,13162.380773743569
1087,3945.8929629973313
1088,810.2881025996321
1089,16699.255813658365
1090,7335.538242913384
1091,6617.9282850947775
1092,4063.554415843929
1093,392.0050081976656
1094,4856.531773052469
1095,13900.299283106724
1096,619.4254056137597
1097,5534.709052153348
1098,598.6756721346696
1099,2733.7320418193754
1100,905.468345233538
1101,447.54275034036255
1102,898.1148678893173
1103,13653.759304578909
1104,1173.069852987334
1105,692.3085266721223
1106,841.6044398826825
1107,2199.0294835888226
1108,1753.471899111681
1109,3180.8361265095914
1110,1719.7567491029436
1111,14404.383537198886
1112,1948.9311957097163
1113,1925.2509964560027
1114,11722.344239362921
1115,503.1384434423858
1116,2296.1544177443784
1117,6504.490980077271
1118,2654.615200836146
1119,1639.0009678396436
1120,4568.435972597783
1121,3447.7322172454465
1122,1195.198145888302
1123,1788.7753860798312
1124,799.8666191075695
1125,807.5610166523425
1126,5744.718373158773
1127,987.6506119996525
1128,836.667493218516
1129,16851.770178875777
1130,4613.81871640752
1131,4650.607709256292
1132,8097.567970607975
1133,2478.190863550358
1134,563.4865537860201
1135,625.844052527174
1136,582.0337756841136
1137,788.4628094016452
1138,731.271353725143
1139,1231.199997749493
1140,771.2270126696403
1141,890.480847322453
1142,1445.5638115202564
1143,4988.820141234046
1144,569.469292377984
1145,3154.9105627853414
1146,1941.3241932773467
1147,5335.598157158612
1148,8697.093673951364
1149,15872.551357083472
1150,849.2098270110628
1151,5420.973180855102
1152,7071.523277874678
1153,3852.9250141821694
1154,768.4422473084292
1155,9249.047566017438
1156,2834.1687816204762
1157,2576.096950579735
1158,650.2936581184617
1159,5489.200636395844
1160,8649.847902296066
1161,5240.2524391282395
1162,761.939393790818
1163,16265.124117053192
1164,654.8724257743365
1165,589.8782162494535
1166,7819.805463757693
1167,1186.9218728953579
1168,562.4413583181508
1169,1669.0565583030402
1170,749.375724938408
1171,6347.411476337655
1172,745.9257366584789
1173,855.2548106521381
1174,3024.964680835256
1175,1404.3037451303117
1176,12086.573764089098
1177,586.5842305883602
1178,1172.7132049967781
1179,3613.130337437461
1180,1211.3428479501404
1181,4350.4957393939985
1182,3099.7420943396905
1183,681.1456004935449
1184,6519.093043986765
1185,859.9232659468166
1186,644.8203683273277
1187,722.9399877964706
1188,724.4991399894102
1189,2027.066780373576
1190,15646.51252178428
1191,578.8536750701824
1192,1999.3101249673807
1193,7301.326835607386
1194,5410.545483022705
1195,2377.5877981641534
1196,1188.7192991777579
1197,15816.076298493652
1198,1215.5135513480795
1199,14048.370627820712
1200,1053.4208388072439
1201,5388.570019069928
1202,2588.453217875296
1203,5312.982547382454
1204,913.6249396337453
1205,4983.26294402721
1206,12002.704980355067
1207,7783.48725918446
1208,2579.7438070612448
1209,14582.839013640847
1210,11631.694911672046
1211,4616.5731586718475
1212,768.7250132240024
1213,610.6328350220465
1214,8002.571372984634
1215,7316.743935911573
1216,2807.5401050895225
1217,1515.7248574475725
1218,1487.193813980818
1219,6469.174010000876
1220,8343.84217804715
1221,466.518176664762
1222,13416.956258591908
1223,760.5866748856483
1224,9149.067051491951
1225,4186.78610995728
1226,589.2639894611721
1227,3909.331363782741
1228,928.5493433085458
1229,578.975785815107
1230,654.6104653057232
1231,3534.3216006039443
1232,796.6998746653721
1233,2530.4112268846407
1234,3195.3563207202756
1235,3884.788900178376
1236,2706.7026781429163
1237,3391.8751879352553
1238,9678.812128474701
1239,9175.911311377586
1240,1508.449112985791
1241,387.33131408415557
1242,5582.088391182102
1243,807.8590892847592
1244,6341.78835165263
1245,5626.659506038018
1246,2122.422524800847
1247,3735.5387982466705
1248,3110.7066025692843
1249,570.3633559071973
1250,8154.51139509995
1251,10842.60087269096
1252,390.2768577226793
1253,826.796861101976
1254,2352.9920047855767
1255,8889.515434753954
1256,1645.8707513979148
1257,951.1515917771508
1258,8955.480951520178
1259,678.8571543486237
1260,5225.040580646813
1261,737.7660603190529
1262,1086.1550283010647
1263,2794.9308872548945
1264,1269.9251816808837
1265,1633.5785224850133
1266,1252.8987501253837
1267,9192.866710055227
1268,596.8353652515698
1269,5859.247369626699
1270,805.4177281474399
1271,4437.665506936164
1272,1244.0184529502112
1273,897.8987768639017
1274,764.652465197496
1275,1063.2704379067209
1276,3180.0770784108013
1277,3816.648742027504
1278,839.9599280248881
1279,1097.2513348559569
1280,1416.443119589902
1281,1737.1476584464458
1282,12350.33590272417
1283,7662.835843313898
1284,4411.571994609507
1285,2386.729165483471
1286,2802.6511628406324
1287,6995.8025764211925
1288,3451.653789226351
1289,754.0636107887826
1290,2706.4184900439172
1291,4502.481719035937
1292,949.7544258753728
1293,2148.7020646381543
1294,684.3857808148487
1295,6116.436682027234
1296,1440.482410541013
1297,2046.0510991935896
1298,1622.6399247123632
1299,4197.270335161086
1300,7361.088845349508
1301,446.158346328461
1302,6878.445179069433
1303,5757.92982734158
1304,641.0567672879838
1305,846.8582046221527
1306,1854.9461129209853
1307,1645.2802319798066
1308,1723.1853688147576
1309,9062.976667668521
1310,3992.7162195554706
1311,2549.3464275822007
1312,2074.223022120112
1313,1935.9393499984599
1314,689.1926782954879
1315,2965.080988510857
1316,3541.664806947281
1317,577.7773399127941
1318,839.356789408153
1319,2017.2808044902815
1320,993.0419667255405
1321,7223.103355309649
1322,2770.4602899141664
1323,15503.99537507079
1324,856.4098177133978
1325,613.1883506434933
1326,1014.4089438347382
1327,3878.2284775451094
1328,2972.1605442315577
1329,4666.764282844668
1330,576.0530151813914
1331,1408.707159580439
1332,803.7724495028851
1333,2781.5528875558575
1334,3578.0426693263016
1335,4151.4640831566685
1336,3940.4053547030635
1337,716.5328937654854
1338,3209.5563518449185
1339,668.6830301024484
1340,5859.44093772613
1341,4484.629342017995
1342,15144.836721867987
1343,758.9946768209343
1344,2051.8897566341047
1345,5358.893414590518
1346,2989.174911510838
1347,886.0206291286604
1348,756.5770234950651
1349,839.9339934824598
1350,828.7370333849481
1351,624.5405234731843
1352,2487.1059510965288
1353,1290.4824389596483
1354,6723.492514138251
1355,12908.256907644916
1356,846.4422110363676
1357,940.807383415146
1358,1248.2212888783793
1359,512.787569099642
1360,4893.327969664169
1361,1365.629258005185
1362,607.6361824897504
1363,4672.996416554044
1364,13915.352323233994
1365,4162.06995334387
1366,14673.257832872112
1367,636.044321427622
1368,3962.1390596436295
1369,496.1694209793709
1370,1412.9754710233847
1371,1109.446021669536
1372,1997.9570884401585
1373,15835.144913098098
1374,1110.47755078098
1375,3396.8925554497946
1376,9338.011562818698
1377,600.8603980382804
1378,13417.575094993881
1379,2602.4446638418467
1380,1102.9015545545353
1381,3664.368018602426
1382,833.1977365828225
1383,6683.394041843103
1384,2383.7080834622298
1385,943.988942677855
1386,984.1569958003934
1387,4870.6242696524
1388,16116.312796830152
1389,6972.879218843438
1390,6130.554767809762
1391,3419.50560395077
1392,1818.015990771189
1393,979.7991750861374
1394,10727.853458495027
1395,4455.481331030934
1396,473.3233688364953
1397,1943.9612715615747
1398,618.7255859571219
1399,3055.5163073864005
1400,12491.656469819069
1401,16090.187600503345
1402,7108.712743306507
1403,7051.830291823786
1404,8640.045565966779
1405,574.143131784564
1406,1044.9106835507496
1407,5099.908617309543
1408,735.3546223062872
1409,3279.6105027030567
1410,2428.394986848277
1411,527.6456909294375
1412,994.3375724484895
1413,718.3685609591607
1414,6495.558653051592
1415,1876.551638359123
1416,1503.0782531409086
1417,3138.090181025625
1418,1090.857553025351
1419,10883.379683089832
1420,6844.7123671486
1421,1333.5224866324597
1422,4756.002650436781
1423,8853.681772221702
1424,527.8701055012752
1425,1272.8240059145392
1426,6996.104519872955
1427,1172.5822613973714
1428,553.5168590225985
1429,1631.9761603243078
1430,4574.834618437772
1431,3977.3024261839473
1432,5765.135809068299
1433,4203.40000333459
1434,10978.935828614447
1435,4693.386384393215
1436,5433.117177611958
1437,3922.0465445448194
1438,983.2600110317298
1439,859.3615526637459
1440,955.7022345927812
1441,845.1113245458218
1442,1044.239106633881
1443,4692.692473674355
1444,4954.792065524919
1445,928.1788975115874
1446,2994.554829344643
1447,13417.394923463371
1448,851.0911757083913
1449,1478.3916787544958
1450,781.5690173127932
1451,14928.580745934256
1452,5024.425411284595
1453,13092.575860646079
1454,741.9175975397429
1455,883.357948599557
1456,13806.695151587175
1457,3492.0430658643213
1458,4607.065846853264
1459,896.7310051952322
1460,1640.2868580616264
1461,2641.2195881862026
1462,1083.4211772972421
1463,1206.6746182773104
1464,9169.471362499851
1465,2467.210343365954
1466,8728.503121135182
1467,906.1747149735975
1468,2544.187533439397
1469,1691.1832398265124
1470,2849.7621329143467
1471,725.1330725942407
1472,2662.6624968832894
1473,3349.2470553937246
1474,717.1972810065458
1475,965.1675864352537
1476,3838.4999577178532
1477,4509.88810828212
1478,726.7234724835862
1479,2543.9717256012373
1480,2784.1213829018507
1481,3055.334414757838
1482,513.4853847610198
1483,3515.244579570685
1484,4231.584037811681
1485,1697.4302024221374
1486,10988.938237051476
1487,959.5644240880761
1488,2144.227058240546
1489,1614.8691930197306
1490,1133.2207281851843
1491,1389.5978517581316
1492,2186.8220858122713
1493,632.1019213351597
1494,494.4263729360864
1495,654.0852757896319
1496,4721.09613500382
1497,6238.192296145273
1498,572.2559562004053
1499,901.5901978019842
1500,14680.831948341967
1501,4710.374926435685
1502,14684.198717376077
1503,5759.897142023317
1504,550.0745297375506
1505,5784.604701494851
1506,841.0282204634368
1507,825.1909308241625
1508,4412.759384265996
1509,1907.9580877411936
1510,1781.6127435410995
1511,5132.086168199543
1512,4444.515631875753
1513,3106.4025208294283
1514,401.74909956542797
1515,14791.519379217405
1516,10075.336077830343
1517,2314.8603971072284
1518,1245.6356922851696
1519,754.7241358684996
1520,4667.208273854039
1521,1478.4038232025227
1522,7546.025617271542
1523,4731.9037058305
1524,4298.105241228099
1525,980.4866893514477
1526,5652.3028280188055
1527,8745.977169446374
1528,4877.578550850907
1529,686.2759384586752
1530,857.1457822157281
1531,1467.0967193102852
1532,16285.915135180363
1533,551.0086855829904
1534,691.9813228695707
1535,8841.75520959845
1536,4329.017939308298
1537,2086.3486028385905
1538,1555.1870255339718
1539,1310.5700400546093
1540,7589.081264456944
1541,2816.6251422245296
1542,2004.5047971205074
1543,832.1591384648
1544,11726.75667244092
1545,879.1491932379067
1546,7262.029197611233
1547,631.1453313968937
1548,3001.753794835664
1549,1232.8471728261925
1550,4995.640483595515
1551,3625.930504815462
1552,7291.264680851633
1553,1111.897414647909
1554,3966.862950461436
1555,2177.849924196493
1556,11527.833219616265
1557,588.1472170216161
1558,4105.928151011892
1559,2380.4155541953405
1560,1071.2326729574775
1561,2744.050805161014
1562,16127.137602926596
1563,4123.062139024566
1564,4301.077695437401
1565,1355.132220342588
1566,4111.473161530863
1567,12888.570475513267
1568,5175.880760185808
1569,4887.701344228679
1570,1188.6010652273285
1571,2342.213614412382
1572,4225.670483482365
1573,16124.307830000254
1574,4702.482009744978
1575,2269.105508264829
1576,884.2002430275752
1577,10380.075068624965
1578,1736.5596895074623
1579,13011.46858496819
1580,969.8992506680647
1581,666.6321475613231
1582,4538.290356714483
1583,3225.378971253928
1584,1490.4602556049908
1585,15749.489856740878
1586,5616.029717921361
1587,2853.1200999777757
1588,1957.9898247423034
1589,5350.708813909439
1590,594.0206157618736
1591,751.6557603343708
1592,5633.36832821655
1593,11110.992834007251
1594,2469.6526137043775
1595,7892.730879167733
1596,3517.7693863164513
1597,4117.883236032125
1598,1158.2739165613625
1599,715.5660923425185
1600,6148.883592097156
1601,500.8634428760811
1602,2228.602929478875
1603,6292.121368330989
1604,1872.1694969648815
1605,3688.4291742672185
1606,583.048658631636
1607,6166.969586084191
1608,954.5202506488113
1609,8475.378608891897
1610,933.0780381671389
1611,484.55659225043973
1612,11278.813557479847
1613,2396.029730359766
1614,531.7398936332957
1615,888.0139159596988
1616,1754.5194446738778
1617,12542.294205195029
1618,1990.4439090625583
1619,6796.7955618754695
1620,6124.208807180914
1621,16730.757672409156
1622,4783.059870671585
1623,5337.27104292583
1624,2602.096504889678
1625,4014.5734214607605
1626,5024.280937404911
1627,7100.8546490997405
1628,781.9903080433342
1629,9491.696277359395
1630,1369.9089985545766
1631,7448.74334410654
1632,11421.088351083454
1633,6254.254573325379
1634,818.3905113868154
1635,1073.5087870138527
1636,5612.749358279831
1637,7315.924564631727
1638,1878.2170889396953
1639,1085.3257554266347
1640,1173.1824669310204
1641,1762.1961124646268
1642,13772.508441990381
1643,992.7091353406031
1644,1616.583858412393
1645,807.5155171622896
1646,2087.137846330479
1647,3136.50265222952
1648,799.3799481054039
1649,2703.9965235476775
1650,17139.61303162777
1651,424.3932303831971
1652,5113.558032687366
1653,786.3720061564563
1654,4472.710462733859
1655,13573.745830416266
1656,630.2251640306185
1657,4643.897210013732
1658,603.7317496630931
1659,1737.790079106588
1660,16049.214983539043
1661,6854.375529771252
1662,3544.9175689565654
1663,4300.372318439898
1664,10654.473810921208
1665,6674.284688900829
1666,7926.618002850725
1667,3457.9345121014526
1668,3596.8188391526114
1669,3910.7645255067496
1670,974.1680093729115
1671,654.3892848066635
1672,955.4250231788137
1673,1744.8055842057174
1674,1801.7439531297528
1675,699.4106061561479
1676,6956.812735186153
1677,3977.0876743188674
1678,448.26126985511155
1679,12578.045644769194
1680,1785.0515150985057
1681,6649.473939661979
1682,11305.718261894031
1683,786.0379152538217
1684,3531.2023698345333
1685,735.3223978664769
1686,1317.4779657341628
1687,1215.4505186050656
1688,3166.9939792937766
1689,12838.079904390253
1690,761.344656096554
1691,10709.150545385672
1692,2704.288915555857
1693,440.27247862215836
1694,736.0062288384138
1695,16146.971156075224
1696,1938.182559436503
1697,2671.660596414901
1698,620.5422194322241
1699,1616.7087750467977
1700,964.0919183339206
1701,522.1119270340337
1702,2082.710141222809
1703,10108.330405299475
1704,738.7247258385592
1705,935.9777623095893
1706,7755.53236105973
1707,14433.39314847257
1708,6788.707002276298
1709,6747.936604416811
1710,719.9047971923551
1711,806.3858207427379
1712,5161.854367327731
1713,1197.818860417577
1714,696.8884758293625
1715,3477.9157709574183
1716,1604.862911525388
1717,2562.863089820268
1718,4051.841369430317
1719,989.7400388863007
1720,568.3036778819114
1721,7928.096028240483
1722,3892.957914188416
1723,4899.033023847738
1724,7911.139002269769
1725,809.8251161146168
1726,16622.538404991414
1727,1082.3870921493813
1728,4800.617603959659
1729,3513.8706257778513
1730,2754.0292070158093
1731,5732.17685405001
1732,5127.10346837233
1733,6455.245418908943
1734,11587.593234207014
1735,609.7028389728357
1736,2634.0953276641612
1737,8410.30950440623
1738,15715.936115840246
1739,4426.195117257288
1740,736.8191278263189
1741,1785.4035941467137
1742,647.1360843190655
1743,1074.9546109563935
1744,7464.629348816888
1745,1191.009852923744
1746,1599.9040738670333
1747,14003.477680011276
1748,6836.59356862962
1749,5954.427389361463
1750,1455.9213238737784
1751,1801.4935597229342
1752,3056.556061105119
1753,6352.3902763949245
1754,2999.254977892492
1755,4686.670357868808
1756,3551.7290162531954
1757,684.0970361903342
1758,2702.4925082339932
1759,2053.564732477906
1760,6629.432804025479
1761,4752.663396698341
1762,499.67860515949224
1763,893.5076058924446
1764,814.6625440767857
1765,2716.8924099852184
1766,11093.547540373049
1767,15127.880005311896
1768,2412.6266450842304
1769,615.7469630527344
1770,746.3327106286433
1771,2654.6195074393218
1772,9295.210603309784
1773,5340.712452851034
1774,8812.611066009464
1775,1162.222812472624
1776,1019.2672392936474
1777,655.2423674075867
1778,10916.927899369008
1779,1815.6999471413333
1780,8552.521779630237
1781,2912.6752017943654
1782,5413.354108788488
1783,599.652640935089
1784,6847.042785079831
1785,14682.523730654375
1786,1505.8674892361432
1787,2765.0417971004704
1788,6796.922226986586
1789,1423.9649063487377
1790,4901.121479912139
1791,1659.6107865412496
1792,1833.825179853187
1793,1084.4529968412216
1794,455.70066253432924
1795,15191.190245727235
1796,5834.652256377583
1797,621.5867398286591
1798,8837.682966401573
1799,856.7992821702619
1800,3569.843218947109
1801,4535.255631418591
1802,5204.391543313273
1803,6470.211573013536
1804,774.1767735868725
1805,913.805639921839
1806,5228.005099916205
1807,848.2694815926388
1808,1131.1072725626996
1809,5525.547709125195
1810,2597.503896061673
1811,1535.1068837019357
1812,757.9005486979931
1813,813.142437849694
1814,4192.056245830403
1815,1763.9257629074282
1816,2499.8182319330945
1817,563.1072719074268
1818,4489.805930460047
1819,3074.377432821091
1820,15116.700566186764
1821,8973.777077450422
1822,764.929388733307
1823,5012.056875312566
1824,1186.9329097655395
1825,5329.971455535134
1826,1642.8453898836729
1827,816.9933219561699
1828,1054.4683812195244
1829,17374.263534789403
1830,8393.27962527278
1831,1897.2344135574624
1832,563.2341157632873
1833,4257.301319157916
1834,15160.474318131264
1835,6984.969591777817
1836,4726.020557466778
1837,646.2205234231283
1838,4245.2198331347245
1839,6227.8923168207275
1840,814.6454995941581
1841,5852.098283942203
1842,849.378291723775
1843,4194.333808957051
1844,5503.3261538043325
1845,2937.4701863663176
1846,1381.8966803997
1847,14620.675879811452
1848,4541.495301679581
1849,907.3624178306573
1850,10879.277050960256
1851,1776.1872271114748
1852,4261.802949646954
1853,911.2865341728129
1854,1548.7529742172037
1855,1099.7262143534504
1856,8845.296194826426
1857,1179.94297823442
1858,885.8152455418253
1859,4973.91362395121
1860,1645.0984814860067
1861,1871.102279737876
1862,2124.621472317394
1863,5088.14994855074
1864,1868.6441762522795
1865,4587.130014939353
1866,931.3402943151468
1867,4578.359967014923
1868,4701.23995651509
1869,1906.8580800095488
1870,1385.2858833583878
1871,3157.0343732891233
1872,1906.1750503202404
1873,589.6518604703524
1874,609.7712062797691
1875,6692.891085935388
1876,5980.618113338932
1877,2412.6195082574836
1878,512.7266325199093
1879,704.9497781704599
1880,6682.539465326994
1881,4585.545459610566
1882,13631.712743493968
1883,4905.97094614927
1884,5057.694612286065
1885,1377.0536964569728
1886,3613.718659870458
1887,4330.8999994672
1888,2406.088662621344
1889,2473.503614694255
1890,1102.327087027505
1891,2042.7014139875257
1892,1805.9906869671127
1893,7365.287857378617
1894,5118.184159763144
1895,7589.632562240139
1896,9634.269349075068
1897,1691.615981722397
1898,10202.283961898649
1899,651.0109783869943
1900,5073.135168302062
1901,1431.0932485587532
1902,1288.0595165106397
1903,3801.776095926848
1904,4971.824294616634
1905,5024.280937404911
1906,599.0321676369404
1907,6838.629079125118
1908,592.2710953377414
1909,10273.428082254715
1910,5119.599836189273
1911,13117.162692531456
1912,7240.587432781651
1913,2866.4655031837724
1914,1426.055469238911
1915,1757.4298297311002
1916,472.4851756606281
1917,4844.336464864211
1918,11664.17936954986
1919,7834.1453573371155
1920,4578.626225386823
1921,6370.203468170741
1922,5407.454381390382
1923,3173.549479003373
1924,1065.7513592778869
1925,5251.450389670945
1926,2296.076089856933
1927,9634.590772297714
1928,1714.8877544048983
1929,12741.922469534153
1930,7563.935831894154
1931,9528.258638273128
1932,940.0476730676992
1933,9657.640661126177
1934,7982.040420940423
1935,10063.683162249461
1936,1641.3599481605993
1937,3503.5742663597125
1938,769.4822644786996
1939,3765.5039195879394
1940,2185.7707346492543
1941,11259.593927963751
1942,12825.05093965074
1943,6996.990120330412
1944,15694.434344697831
1945,1688.4440866333766
1946,5315.952168456441
1947,3212.2240541156425
1948,491.76551414682945
1949,3442.0762289272407
1950,1264.3422711481871
1951,5351.923995927653
1952,711.8649703795099
1953,10473.94562141812
1954,6885.250176482939
1955,599.1631469119279
1956,751.6624866875027
1957,2125.770469450207
1958,3056.1849403670176
1959,1389.6613731408524
1960,4848.778963611296
1961,7117.911724459017
1962,10885.822251355301
1963,487.3036790796896
1964,555.8797680526491
1965,1293.2798448626727
1966,2185.5888246445534
1967,829.7022534208463
1968,379.1838162304648
1969,1289.2578298084122
1970,2725.889506475258
1971,2059.932039585712
1972,1809.6522977186492
1973,5371.301275921288
1974,678.1811256787832
1975,4177.998310122265
1976,1375.095183345974
1977,7230.564964517005
1978,545.4210146480495
1979,11333.074111417569
1980,1991.6560819431463
1981,11700.001495793647
1982,2179.7152475219173
1983,455.6066673902401
1984,3981.693902423197
1985,6401.580136220382
1986,6309.658886614768
1987,569.2036250819865
1988,1727.8229569977066
1989,3247.3054320615192
1990,859.0346286031186
1991,4515.191444169115
1992,688.3008008887928
1993,657.8116538486893
1994,782.3816601147291
1995,3424.4757184893147
1996,3646.0928314623866
1997,3128.4622886221605
1998,6471.279926344405
1999,1460.0319105151038
2000,891.1834208984628
2001,638.6038902898981
2002,618.7565405694918
2003,740.789956898268
2004,593.0757975893862
2005,5095.298960702416
2006,5083.562639097592
2007,578.3481029871132
2008,5389.453920407622
2009,1368.5585704975474
2010,335.61205252376794
2011,4956.897329364263
2012,794.2276888011606
2013,3837.4711975154237
2014,12786.018907084033
2015,617.8788513624277
2016,4002.482914383662
2017,4062.4446731419343
2018,564.7058320236365
2019,4752.44867135067
2020,798.4500510322328
2021,3879.1446218368146
2022,14934.444180374547
2023,10031.348582140832
2024,4261.726840564626
2025,955.1442003176403
2026,981.8730816591601
2027,2078.1392609552017
2028,11057.506521773847
2029,2612.9788727282457
2030,824.2001632502374
2031,5346.607499182034
2032,6961.230940840711
2033,7937.265710994696
2034,8079.274525554504
2035,9497.178693151338
2036,17461.525736924086
2037,680.8459015904914
2038,2239.591343900969
2039,2508.7912918441166
2040,1085.3175480314521
2041,1357.6963885894497
2042,7926.245283319719
2043,5676.793614349138
2044,785.7171758101576
2045,12578.858870498047
2046,599.5849184848985
2047,17380.54073138181
2048,5756.488041309482
2049,5213.370089717685
2050,1795.2628861661342
2051,5216.522372741377
2052,642.601303564099
2053,3636.5040747543194
2054,4304.372147964006
2055,903.9942049979945
2056,509.8749650269028
2057,2628.2087419374925
2058,13474.564385606873
2059,715.5882251978696
2060,1404.6063746068376
2061,4924.715783717824
2062,12276.92429183171
2063,3189.280449042031
2064,7936.3343132417795
2065,514.9401401011683
2066,9902.875910187511
2067,943.0094990195694
2068,4472.538063751187
2069,1322.5074727456145
2070,1235.4067179163367
2071,1853.4349607569284
2072,7575.381154872437
2073,9018.234882017006
2074,827.1808320829123
2075,4049.1895466568812
2076,7034.405939556742
2077,1637.7638529075398
2078,4296.851629318012
2079,1189.2712610310696
2080,6663.4353176514
2081,580.8954150489853
2082,8831.680607107475
2083,1240.461390187741
2084,2473.8250294610934
2085,4022.1521422797523
2086,2123.141490549704
2087,2243.7148109487516
2088,655.8939995746773
2089,1078.5403450325584
2090,1355.8806226365145
2091,3403.2178300681417
2092,6654.643295164817
2093,623.5899141085092
2094,6010.651256123876
2095,6950.825858336224
2096,1263.2825477081014
2097,7295.288211042014
2098,6834.1561381039155
2099,690.9064777054855
2100,595.4191870473169
2101,12187.871377320418
2102,5227.359553078959
2103,771.2135843523465
2104,5203.457826177791
2105,1218.3142406618463
2106,2495.8974601215814
2107,2374.723192572433
2108,14893.179042494769
2109,1226.1349241580506
2110,15277.236189555313
2111,2473.3084833023886
2112,502.62277458109475
2113,1496.3768173053509
2114,9483.711127109464
2115,1506.642500085386
2116,4984.109240286665
2117,2723.9638203922987
2118,5764.789551637041
2119,2526.7191429567665
2120,6988.788329636318
2121,1618.700772611045
2122,673.2651130267491
2123,612.1796713453723
2124,6571.995877441685
2125,628.6232715915189
2126,830.4989612780973
2127,8402.123105349776
2128,1058.0888932744892
2129,2620.8042771096716
2130,682.3606609072858
2131,5116.260403176572
2132,895.7740050585257
2133,1140.6116183136623
2134,2322.9356059844936
2135,5116.619305038151
2136,1089.0261076709776
2137,2245.1706569366684
2138,2469.889595824331
2139,1452.9958944017135
2140,13126.587122469653
2141,1753.2972885219633
2142,7055.526329294754
2143,1221.9998994187504
2144,1501.8801626924737
2145,1176.2889848629889
2146,4337.085686800998
2147,1694.86036699974
2148,673.876633968151
2149,680.1535950403259
2150,3244.6460094453696
2151,1390.8376397317488
2152,644.5540117046871
2153,2731.390687751268
2154,572.7776828770448
2155,621.5701282348637
2156,551.21415773538
2157,13386.49509363077
2158,7489.493964986237
2159,1388.79227325176
2160,862.723112649338
2161,5891.023840321734
2162,3792.603987986245
2163,5027.302547940821
2164,4165.4828743784055
2165,9210.280418164799
2166,7297.7651219127065
2167,5223.975728326468
2168,611.486590798675
2169,6397.396026722619
2170,1053.2326366018856
2171,6897.68023250086
2172,5904.19280436909
2173,2972.707879496099
2174,7377.19894723803
2175,9717.898368450895
2176,1765.5545623715216
2177,6986.517460496745
2178,628.9085185563536
2179,952.4454534772199
2180,3143.3133477619485
2181,10760.680495842184
2182,1060.7851262937384
2183,1473.9596856932794
2184,621.2190837183957
2185,3201.7111823147025
2186,1462.1171785819497
2187,679.0215271776692
2188,7551.699202030445
2189,362.47370081230883
2190,3834.909183559863
2191,13319.008958421116
2192,1380.1624556512256
2193,4081.7902586254068
2194,2124.1971626157674
2195,587.8376824235706
2196,4468.731069037996
2197,607.8706449361439
2198,913.3858538489517
2199,9623.061103018008
2200,2055.1866236517035
2201,1200.7759242989341
2202,305.65506377068414
2203,4942.706751677317
2204,832.0109026848149
2205,1783.128664129571
2206,485.054833781644
2207,3953.848996101138
2208,719.1880996425712
2209,2699.572284170554
2210,4530.4357228890785
2211,1685.5216093615772
2212,2463.550858338491
2213,7385.255085931101
2214,7021.741854830678
2215,1556.2740431486886
2216,1677.628043870795
2217,3131.6301115558767
2218,4212.401294892384
2219,4901.266090465419
2220,2170.9384822156544
2221,1820.1021732609815
2222,730.4054175846004
2223,1949.7590789717644
2224,1958.4484880434727
2225,2502.6320994190164
2226,6412.029942935227
2227,1342.2998264938506
2228,3523.7930887872617
2229,694.0157474057487
2230,1063.4287408537216
2231,1515.0907551232613
2232,8850.757047432093
2233,1163.3585115167443
2234,2901.162764178458
2235,10824.038231630915
2236,7546.229247962283
2237,1892.4788475626456
2238,659.4689367205201
2239,881.5893280161563
2240,10359.860833547358
2241,1844.7876577968923
2242,5647.9144319764155
2243,5982.189632598494
2244,3857.0685490482874
2245,7266.923082693935
2246,2322.4085363486256
2247,657.1488108719054
2248,7097.627526545587
2249,757.5584505700722
2250,2172.7681891264374
2251,4583.39996071323
2252,4313.053570046557
2253,6711.069631893406
2254,7737.207127338004
2255,627.0754933779936
2256,1550.3439051076161
2257,1743.3979544500648
2258,875.0492872811728
2259,522.5842558789632
2260,4098.416138621209
2261,1813.6818115395758
2262,549.5351223397306
2263,719.3188507234463
2264,2968.921087146099
2265,1686.0808984440773
2266,1040.4848314417586
2267,4747.56052648702
2268,4848.1122024504475
2269,9575.623232399259
2270,1296.1275502601839
2271,804.3727533925694
2272,980.6512972487981
2273,1378.2485257878793
2274,2878.6411140063137
2275,6295.613964067978
2276,748.1724404768188
2277,4536.256461054971
2278,889.1643759143053
2279,1919.8859359574165
2280,14634.655308545654
2281,4477.609291007854
2282,1050.0965572718533
2283,613.261275534418
2284,4586.3398388330825
2285,2731.5581173472
2286,830.5142043665683
2287,2888.262526539825
2288,1054.2180269211635
2289,9298.368922430316
2290,1002.2157379518012
2291,313.73487058909996
2292,10603.024466266805
2293,919.4935963459106
2294,872.3201104323366
2295,6854.812793350722
2296,1007.5263321946709
2297,963.1085522708522
2298,784.0517296588223
2299,663.9403975900814
2300,7862.167709102013
2301,647.4428479968756
2302,811.7511382328908
2303,1828.3965993718994
2304,2987.414131339121
2305,2689.481480804965
2306,598.9482446693983
2307,1808.3498466687447
2308,9062.10163388487
2309,4026.177549926202
2310,5638.418396138856
2311,1074.9208009865251
2312,12841.504194051524
2313,5052.229213936466
2314,2417.918268034961
2315,1152.993605301917
2316,9971.233641540543
2317,1997.913672542868
2318,1809.841082039773
2319,9637.2442116585
2320,6863.899940820848
2321,6681.151551091156
2322,5955.096611910738
2323,948.457768593169
2324,5273.740704163915
2325,5513.2002265227175
2326,6588.153979427845
2327,944.4572370803585
2328,15406.78424565697
2329,1686.133259715899
2330,480.80442366747457
2331,8567.915570456262
2332,274.2046592006677
2333,1018.7407131584328
2334,11890.795489105618
2335,457.4246248414074
2336,8677.516073023322
2337,917.9965190078351
2338,495.0239207264317
2339,7300.9851824697635
2340,2490.678710323615
2341,2676.6457036803954
2342,5660.358210290364
2343,871.3756491347776
2344,13594.009749879075
2345,4929.918602560366
2346,684.3486573197902
2347,1420.410862844249
2348,2181.181902431528
2349,4331.2942208174245
2350,2179.0543264203907
2351,766.084015638342
2352,10276.465846999385
2353,819.7371267926433
2354,2954.0712650264977
2355,1866.6821755240308
2356,1682.5543951768914
2357,2237.2328490656446
2358,694.3309990356097
2359,2995.858324652825
2360,1745.2649323620153
2361,5041.785512630167
2362,774.9947304687903
2363,951.652884070364
2364,7059.972846828601
2365,12499.597835651908
2366,1168.9430246656461
2367,1104.8944619160075
2368,3161.734858657561
2369,835.9078689217381
2370,4495.543163435099
2371,889.5615281418332
2372,551.7459066767778
2373,743.9248839852471
2374,17646.74871146863
2375,13631.719559234376
2376,799.505519176877
2377,2458.5936909911
2378,3638.6155186569445
2379,2434.619373440656
2380,913.1464202100001
2381,1093.609924051903
2382,4490.773507884996
2383,391.8431404334433
2384,968.2420450517106
2385,8354.130764397829
2386,645.9260948438973
2387,3107.2405066703686
2388,1939.6598569874022
2389,5412.219583981244
2390,1803.8041535278858
2391,637.6624008314375
2392,9309.562215707678
2393,10659.110725456598
2394,538.3964128946018
2395,2216.9454227926844
2396,599.808674365107
2397,7604.948582720046
2398,7551.090784090129
2399,5080.1123420060485
2400,2329.2292742108966
2401,873.5771619667721
2402,2772.8736173421994
2403,5737.816331621843
2404,9370.509616438205
2405,2729.7569067236727
2406,8545.237586388866
2407,2934.972283631288
2408,4587.277067010692
2409,584.4087425613793
2410,1358.7013453293225
2411,3775.930450818856
2412,15541.382198768446
2413,2662.205300869766
2414,3300.9420642971563
2415,4478.532332101441
2416,4976.549655176476
2417,5345.822147471348
2418,1829.5643525156593
2419,590.9284344801936
2420,591.3413329957011
2421,799.9936826995199
2422,5739.33132666103
2423,7069.687619534099
2424,640.9071632130322
2425,2821.812725147406
2426,9264.77214914001
2427,3132.876649935336
2428,815.6371841999712
2429,3643.510903001704
2430,10277.482013398852
2431,10535.606185542722
2432,5022.584989029887
2433,868.92325137322
2434,2147.102651295927
2435,7324.395159476169
2436,1458.048847657169
2437,2088.249740303995
2438,4259.565930491414
2439,2970.1036296702346
2440,4273.554528811551
2441,15812.88727822906
2442,1020.4635029562583
2443,3407.82377279605
2444,602.112315716055
2445,3908.9574877545206
2446,12451.100435833538
2447,3856.2001732472745
2448,1538.2211433221123
2449,2241.753962954498
2450,631.0831324461278
2451,522.818784394347
2452,1123.9656095898063
2453,554.6216021656746
2454,6642.715934807169
2455,2561.1727676051637
2456,641.4418504127552
2457,842.4095159322346
2458,2949.2914361722947
2459,955.7022345927812
2460,7807.161638396076
2461,5116.6164010474595
2462,1909.3587915521248
2463,551.7490619969267
2464,771.2850882234543
2465,2342.8861994651866
2466,2640.3570132507
2467,9023.486486430484
2468,4225.141288295082
2469,3528.5798913576255
2470,3042.06159151022
2471,5072.941900061095
2472,5668.749892622992
2473,621.0044405189096
2474,476.0631223682758
2475,1612.5791242983664
2476,6780.491607988421
2477,13089.00583481272
2478,1240.4306734109846
2479,1399.3846900876733
2480,2315.658395149762
2481,920.2649395332328
2482,1674.4495001641922
2483,16206.057464941498
2484,3593.460219009725
2485,6825.137030087237
2486,798.8515417108811
2487,13683.07141807589
2488,5026.308477672118
2489,1806.0305737937842
2490,4295.982826542666
2491,16654.517274563248
2492,2945.2133159059613
2493,6490.4728783318105
2494,1976.3576007656795
2495,1135.920072604666
2496,692.419548703499
2497,11557.982665288611
2498,1014.816260019571
2499,853.9734318934056
2500,632.43317410185
2501,3736.4975033455266
2502,7121.9855785164655
2503,649.5280417092508
2504,9078.334701089885
2505,6677.08073933625
2506,9284.020148383897
2507,6560.887233385547
2508,478.4572567852383
2509,16973.6387785829
2510,820.3733894809493
2511,2627.476615985532
2512,2113.255511432596
2513,2750.7310034900356
2514,753.3269477242693
2515,2709.195911449352
2516,1738.0638946952427
2517,6896.248147685306
2518,479.45646100989325
2519,617.9387408902217
2520,2664.8379664143495
2521,1008.4674911364214
2522,9183.717640619569
2523,4804.1056956551765
2524,2906.3853653567267
2525,3098.0975727336754
2526,15041.472849501182
2527,1720.6596244357315
2528,5016.990480890447
2529,2015.3061913600013
2530,1501.347991821517
2531,3796.5747431585587
2532,886.7427840137743
2533,476.063461460672
2534,12665.520342071119
2535,3690.5238223267447
2536,4249.474456100381
2537,996.7222193721427
2538,3800.065070117685
2539,532.7952002446086
2540,2010.6364704987864
2541,5834.514182887635
2542,6342.937476558352
2543,4623.7388622262115
2544,726.6253351646387
2545,3066.7829223738063
2546,16486.16502806429
2547,3158.5709787413048
2548,1866.6018602052545
2549,5664.124080697782
2550,659.9502567255577
2551,5427.357361065058
2552,574.4897731999372
2553,672.576607061118
2554,4084.4371154276596
2555,3864.6767104676587
2556,663.9091128812875
2557,1161.2019113923275
2558,5979.086926907952
2559,13292.352184818197
2560,9279.500230303338
2561,4366.183624889173
2562,5802.636407830984
2563,7891.923376763425
2564,4182.67402343741
2565,3265.7116613408516
2566,7718.4917078400185
2567,627.0358643513132
2568,2614.6453195067106
2569,1583.6991409866323
2570,3210.425083124949
2571,866.1763546387206
2572,1581.297290648538
2573,8883.126543208762
2574,6631.792763659658
2575,840.818269617313
2576,814.3694453233352
2577,2503.8967566972433
2578,352.4941042306268
2579,2216.252744735149
2580,10837.811648278293
2581,1826.4374062816723
2582,2492.778504292893
2583,354.3780571342131
2584,585.2610065214485
2585,7123.655199750365
2586,1712.9684970682197
2587,5077.503651858397
2588,787.6424936864273
2589,4141.247101048075
2590,1438.3530965733098
2591,2102.633015835678
2592,4064.760573611421
2593,3244.0996028856443
2594,573.7352872976503
2595,7179.052594589213
2596,8915.697177897135
2597,1464.3416445360667
2598,914.3387336234364
2599,1649.5506832577867
2600,10800.969312451924
2601,3200.356443375198
2602,708.092487498936
2603,2847.860222319623
2604,5581.14803791538
2605,12540.488910977863
2606,1683.4279218493866
2607,3273.617557052852
2608,743.2043507836584
2609,4102.563264049988
2610,3568.4290286983482
2611,1053.2070705446945
2612,1020.7756191457156
2613,4699.417423552977
2614,1553.660977930374
2615,2300.240521661468
2616,6386.001350517641
2617,9333.135170860023
2618,496.49641895134664
2619,1293.391417031597
2620,8778.098717269273
2621,2524.0632462950334
2622,5132.636087269386
2623,15528.50928532395
2624,907.1620802596631
2625,973.494740770238
2626,12263.754421313
2627,1690.921266849653
2628,4263.850233685014
2629,2292.5651964789486
2630,1675.9361200739577
2631,813.5902637571103
2632,3474.9500066197365
2633,6549.218761354845
2634,2759.3907094741467
2635,4594.171446376598
2636,1031.470914374981
2637,734.1733415301574
2638,6467.954083540365
2639,1166.935564416045
2640,1712.369704989845
2641,4865.108009510504
2642,2087.4818281391786
2643,18344.477938570297
2644,10890.835894227243
2645,5722.5325586461395
2646,2458.561669024949
2647,6366.864753249914
2648,5274.928587689779
2649,658.2570667829377
2650,4710.803327913344
2651,3147.481975907025
2652,12031.322684640061
2653,1389.080947628749
2654,6116.70552292473
2655,876.7994981850056
2656,13637.365415366106
2657,9982.677702275632
2658,2363.517952973635
2659,918.2753053539423
2660,2479.288596280685
2661,16919.17255356514
2662,7570.09287533522
2663,9746.229163455904
2664,1492.9024450737234
2665,704.308322643898
2666,3162.7831523044006
2667,2527.9436455310515
2668,16187.531687930992
2669,14522.399120683755
2670,614.2299348453448
2671,7590.036790297097
2672,633.4938907603173
2673,1305.1232415676373
2674,1038.7099411232903
2675,907.2340257890255
2676,2015.837399017018
2677,682.5036154761092
2678,1633.2241026164752
2679,4742.369415467935
2680,789.3331820853987
2681,883.735068658435
2682,1157.1854852591314
2683,14586.389725880988
2684,4415.083219176933
2685,1236.8430108752837
2686,1127.9366267444466
2687,3123.6630542863036
2688,10983.120961805947
2689,1403.7718607177449
2690,6775.556539985515
2691,1859.795750689319
2692,601.4821825002205
2693,2567.4947599000566
2694,9926.125254464861
2695,6081.330200009219
2696,3162.9325098546055
2697,4841.456892378626
2698,17763.105239698387
2699,1289.2616702556697
2700,569.461093137571
2701,10810.625653102368
2702,2278.5712048013747
2703,11239.09598047105
2704,755.5059787487353
2705,2987.8957783256924
2706,6418.674372911929
2707,1988.4218671085125
2708,5981.000007728805
2709,3147.402265818577
2710,15994.591414818598
2711,6657.169819141448
2712,2642.032758239165
2713,7548.638113443098
2714,738.3632835405251
2715,2732.42289849589
2716,5957.697246869168
2717,3381.447463382402
2718,6623.483892652024
2719,2163.5677080315745
2720,922.4393688550927
2721,6871.556457984945
2722,3136.167253698116
2723,5988.429075128453
2724,7984.99841542852
2725,752.5296081951678
2726,4607.330680567554
2727,1084.9687842368962
2728,2593.188634306122
2729,699.1029915933309
2730,834.2875619369097
2731,3951.923211812912
2732,9866.815801861077
2733,6314.763703626167
2734,627.8113024437503
2735,2156.865297011591
2736,7210.6527103551725
2737,2286.295366262163
2738,3308.8732851938676
2739,8717.947614997054
2740,2257.108641771386
2741,3929.024955520143
2742,4426.133426643265
2743,8392.811438224417
2744,941.1570089115444
2745,7653.2378648842605
2746,824.8370905616057
2747,5838.503980055112
2748,523.988082058002
2749,3868.0234541261025
2750,2117.935841967037
2751,14621.806833426519
2752,1705.7527567437742
2753,2909.2955535498377
2754,1789.2986137845737
2755,756.468058886142
2756,11693.352583864362
2757,8003.904179544586
2758,4095.3966049026026
2759,550.3847833330155
2760,4653.649005707869
2761,604.0538854098104
2762,550.9014306112767
2763,4864.977872209941
2764,1288.284950068291
2765,2092.182359318962
2766,2526.1307886770455
2767,656.3979170686589
2768,1143.9295333550217
2769,806.2542598808159
2770,710.7786311448494
2771,2379.6467433908983
2772,8935.366520210671
2773,1930.6627415476912
2774,1597.4959567657484
2775,573.656749468113
2776,626.9488894427018
2777,514.2774613057018
2778,7975.024734158616
2779,4631.780159993354
2780,10196.970671502067
2781,6223.842826259146
2782,5491.345827982104
2783,7220.518556251396
2784,899.3794569504471
2785,2543.343479674293
2786,3612.9844705957184
2787,3023.9562360432997
2788,7097.02865369959
2789,1012.2917052468542
2790,7736.281854931918
2791,1569.2549575054436
2792,1355.2163747841682
2793,2615.001697877635
2794,484.4005318912732
2795,2791.5345676127044
2796,9611.69812609515
2797,9783.822147387877
2798,442.3265421367523
2799,777.1148604762993
2800,563.1177449882666
2801,473.63322482290687
2802,13541.426352722827
2803,2728.218420851087
2804,4266.086277669678
2805,1898.928440169327
2806,2976.7763242150468
2807,6396.737786447129
2808,6461.898429705787
2809,1518.8069367825715
2810,1987.9022437962026
2811,3778.2690032849114
2812,1005.7269355374751
2813,6199.994618930694
2814,3351.268162307513
2815,7384.660170002391
2816,16837.916318952604
2817,4100.108954345968
2818,665.8574571778809
2819,15458.536404273766
2820,1863.5126047715107
2821,2604.634644742378
2822,1456.3312268765108
2823,520.2517411319604
2824,1355.928516943553
2825,2659.6849424550037
2826,9999.9773421793
2827,12686.42910458246
2828,7273.791029583137
2829,5463.259001979062
2830,609.4435670321031
2831,5158.351631730249
2832,1859.6176065991312
2833,996.4613480377639
2834,846.319486961801
2835,582.5877597071908
2836,606.1528942288896
2837,605.6200625409606
2838,13285.32591984249
2839,888.9651442985933
2840,5858.838734570502
2841,1149.0417432253398
2842,588.2205304894692
2843,3672.792875991366
2844,2343.3612438706887
2845,683.5382364490329
2846,4728.5445723801695
2847,5253.276773734763
2848,2318.8462154621966
2849,696.1937697644271
2850,9306.749300262094
2851,626.9839547329066
2852,2037.8991662950787
2853,12555.33325851598
2854,2361.7078576214954
2855,1720.4446411088875
2856,693.879184076784
2857,2598.2669765319424
2858,3396.656425520787
2859,4976.797017217836
2860,2051.673831317529
2861,18561.49159435329
2862,10493.87172066134
2863,9332.495314267713
2864,6518.070735193311
2865,1133.3408936962387
2866,909.4553413647909
2867,757.450216376465
2868,6281.842764071876
2869,741.8440246741566
2870,518.4410191715633
2871,1946.7765050957971
2872,4687.037475175708
2873,1811.9816566338704
2874,1747.4890288292568
2875,14189.893938975572
2876,4288.661179845218
2877,9358.655125847412
2878,6195.775697282794
2879,687.1132330620053
2880,1569.3978097758531
2881,2572.601729541462
2882,1004.5629462436782
2883,9648.188341013367
2884,9779.723145252432
2885,669.680271644123
2886,3555.7299188824254
2887,4841.219488342135
2888,5173.316636902494
2889,867.8077929811016
2890,802.3794255789735
2891,2189.423024941105
2892,585.9496728858121
2893,9366.048886671335
2894,951.3375391848726
2895,3321.914994954218
2896,4482.871679624124
2897,1440.5878670466063
2898,1951.3472023869213
2899,6048.117948001487
2900,1419.8804466206766
2901,6699.15228344103
2902,1668.6404381682432
2903,14181.486510025989
2904,5402.197846666035
2905,3566.608679314461
2906,855.273275201569
2907,4246.971217870574
2908,2123.7682285319065
2909,762.4257973847521
2910,5577.699915844508
2911,764.5962214744268
2912,7912.316810950097
2913,14361.907706802403
2914,687.4210488355852
2915,404.50172924679055
2916,7993.447092226995
2917,662.3038599589363
2918,1190.6161553655134
2919,2563.8402738315153
2920,798.036708041941
2921,842.0360685388177
2922,733.8220656745584
2923,1520.704078493805
2924,11148.95951209009
2925,2915.1511791965854
2926,723.2833368668303
2927,5419.902654866566
2928,5247.988031968378
2929,5505.853961209054
2930,754.433326457487
2931,13146.685225076357
2932,2966.574935835892
2933,9051.066637792259
2934,9539.475140758157
2935,2930.661188890206
2936,826.7159291687658
2937,5270.5438738973235
2938,1593.9250075909417
2939,3916.3759460645656
2940,831.7537627836946
2941,4108.114999520365
2942,10067.008610554938
2943,7000.1075263606435
2944,1066.5305272905007
2945,1585.963254865259
2946,894.4453597679994
2947,536.7065919742522
2948,6508.3042599613345
2949,1436.4274067755346
2950,4017.06848086631
2951,2491.977800440685
2952,6406.768715638429
2953,2331.607717839621
2954,599.8137668625786
2955,408.86832146062034
2956,4752.30674852532
2957,1266.153174933038
2958,7262.955333144768
2959,1679.6891341595347
2960,601.6015915423773
2961,1049.4941280510675
2962,4770.88311456165
2963,497.73136095326663
2964,8889.12232039972
2965,9242.65117241334
2966,4331.979237471938
2967,711.9460091456322
2968,600.6091908490234
2969,5346.149462236133
2970,2259.300263888819
2971,6677.953731371708
2972,10323.681525578597
2973,1609.0267393021304
2974,1704.6560326223275
2975,817.1200834952738
2976,2162.248934792531
2977,764.4234081586942
2978,519.318493283783
2979,743.5527160675392
2980,907.1145464609376
2981,6635.518774681264
2982,934.4422346786919
2983,1590.4378760390905
2984,590.3736929552779
2985,2209.104274065879
2986,1969.960737808229
2987,3673.515294206228
2988,5062.869327548148
2989,886.1265216400734
2990,8671.010951431203
2991,5180.612812045743
2992,1051.4913882828168
2993,6703.996386559205
2994,1492.2482573523666
2995,6386.846788675128
2996,1210.527328343443
2997,12399.060391024792
2998,8177.097391070013
2999,9190.952092629166
3000,432.67471459374883
3001,5796.812674562065
3002,1628.2669715973275
3003,2519.0418678374126
3004,600.3297995456487
3005,3002.647856578972
3006,2264.720655444548
3007,1564.1489471790246
3008,1672.87336077906
3009,761.0685752443383
3010,2626.7979579690614
3011,3425.748693554203
3012,645.9480663834865
3013,754.8892810183024
3014,2289.627206079893
3015,10419.835447498244
3016,1452.3905400195063
3017,3653.985680217587
3018,1708.4389942976159
3019,856.5950626464632
3020,3675.966869994746
3021,14545.411862828862
3022,18271.833067918324
3023,8790.391780317605
3024,1084.8280712259166
3025,4909.103197901497
3026,4524.356193758711
3027,5253.753953518963
3028,12872.181295072842
3029,6478.1561590564115
3030,1374.4467475842894
3031,657.2519870735059
3032,4218.84555544822
3033,907.3494993335357
3034,783.1754558991852
3035,12042.61735366557
3036,1272.5307894975472
3037,852.7419832496776
3038,6855.464984740669
3039,11294.625318887263
3040,2492.7712350319307
3041,4773.334177411329
3042,5038.473266100582
3043,1145.3752343121541
3044,9469.23033409205
3045,6642.178552381918
3046,2130.569651641898
3047,4317.124887756224
3048,970.4656141937044
3049,712.2083836558081
3050,5163.986314067925
3051,15332.160467201456
3052,2469.868227799725
3053,472.8005675975801
3054,2990.893986080105
3055,4442.628391553438
3056,4716.217742311816
3057,852.4822223786459
3058,4171.509961255811
3059,2855.9661058436304
3060,1049.7423923561423
3061,1171.9001500611785
3062,1696.3581851225053
3063,1223.5509099023097
3064,2486.2815450476746
3065,4901.6411307563785
3066,7634.978715211935
3067,4970.246622861285
3068,704.2771940513617
3069,907.495860097094
3070,3369.90401575462
3071,799.5949496431517
3072,495.9333056282635
3073,935.4050139784222
3074,615.1454199203704
3075,2444.623281273505
3076,2384.27388210579
3077,1892.6115324976208
3078,560.6387664936101
3079,8467.882062946426
3080,707.8777588813373
3081,1115.6483136327743
3082,9562.197237446204
3083,10799.201989730273
3084,14648.16214711348
3085,706.6904444715019
3086,14034.808512255977
3087,5360.675647008506
3088,2900.466359111955
3089,2564.1504737344985
3090,630.6151054245202
3091,1753.9109476819995
3092,7560.231216773768
3093,14953.92212469735
3094,1790.2499124926012
3095,389.11665588818596
3096,582.6015759132574
3097,4338.695621240345
3098,1944.378398080496
3099,6176.282040992039
3100,8387.181442593288
3101,1367.0447909197624
3102,4243.574671034007
3103,1904.497004561292
3104,5579.3354977363515
3105,1200.7547607845486
3106,4456.242142832559
3107,10796.830409501319
3108,12675.862890745526
3109,1389.7546865011177
3110,865.4312148236486
3111,2419.888675062921
3112,750.4461683762902
3113,14823.799915052243
3114,16509.305314782032
3115,3092.4266189216632
3116,797.5023677839522
3117,580.2183128168672
3118,749.2239250707094
3119,876.3699277671863
3120,679.1412564706161
3121,4198.063109260807
3122,3926.020918203302
3123,1782.4847415917693
3124,2253.6694507472976
3125,14060.19944582075
3126,1785.5151416274339
3127,808.5733081237727
3128,6809.941717249705
3129,9009.82672671026
3130,649.6190993039354
3131,10227.763014674421
3132,5777.838652829873
3133,1179.1479423565697
3134,4445.858127775592
3135,3540.0424563098877
3136,2444.309956155178
3137,598.1737055743888
3138,452.0685664519315
3139,5164.879131618075
3140,1653.490077707801
3141,15685.468383261881
3142,627.8300975149668
3143,4617.773208355991
3144,4339.793374842309
3145,8492.010727196315
3146,8487.864870200137
3147,841.4510095873457
3148,954.873917469271
3149,935.5084385853538
3150,1312.806628055359
3151,5181.135457176226
3152,5069.521690048309
3153,3350.8222761489146
3154,4235.8916900167305
3155,7485.890093561395
3156,8070.268931058716
3157,3331.9682031917246
3158,2482.1029821674165
3159,3842.0369121825147
3160,4935.352524019206
3161,896.2838397858218
3162,16451.04562030961
3163,2100.2416334847007
3164,1604.0732755237805
3165,522.537153185137
3166,2693.656573953518
3167,5728.964924398565
3168,4057.634710463136
3169,595.9805204657123
3170,3634.4731403547103
3171,4731.835349528552
3172,1523.9591771726405
3173,528.1167265652703
3174,6256.676944590261
3175,632.663555376816
3176,1731.5641253849062
3177,15001.779441296696
3178,1259.3321352361427
3179,4579.5930726773095
3180,2240.9761402974113
3181,412.73783286006756
3182,1594.0551949185833
3183,843.0276785997421
3184,2730.7774380319297
3185,2735.2612101772124
3186,1560.8180390010884
3187,7943.072045728948
3188,446.83646411222753
3189,14483.13707021285
3190,2649.765089263503
3191,12495.024535359658
3192,1671.4056774193236
3193,1992.3208490255292
3194,2867.652632446533
3195,535.2058685426591
3196,3906.8920005871482
3197,3933.3286589577074
3198,2725.9900350685966
3199,898.2636116036851
3200,1093.3995470594691
3201,1643.1737674542637
3202,16420.171758616518
3203,8457.176397703568
3204,2573.363028650745
3205,4393.683012884705
3206,613.9880259464085
3207,7433.385920400608
3208,580.8330562314145
3209,888.1829734319663
3210,2560.138140625963
3211,4923.192978137888
3212,2435.548623156985
3213,7191.363899876869
3214,1249.9386868740235
3215,3764.542867786699
3216,848.209865271102
3217,1809.4901773949523
3218,1406.8883890406873
3219,730.4899042772508
3220,742.7043874880683
3221,5535.5236365130495
3222,1078.1292530519336
3223,971.125480822207
3224,4679.786205788839
3225,4644.137746041774
3226,2301.770231988183
3227,2549.633477818483
3228,4096.6682175698625
3229,767.5273034969687
3230,18174.630500245257
3231,985.0886768571504
3232,2575.159690973692
3233,508.57169543383634
3234,13250.308379025908
3235,3404.7656012800926
3236,9887.39524182472
3237,2776.971625295257
3238,1576.426065874784
3239,5238.311828600726
3240,2467.079990848695
3241,2042.8858968174764
3242,968.178460937881
3243,6604.8755320638475
3244,3117.6003583171746
3245,3957.4604352256265
3246,620.1269796877832
3247,649.1706686757962
3248,591.5237243290321
3249,2998.5968331399054
3250,973.7841609996981
3251,653.8469266104348
3252,2930.3507525030855
3253,526.2651013372842
3254,6766.467015724698
3255,2242.319146975036
3256,5944.647320094524
3257,12279.768668612332
3258,8113.333526815867
3259,16171.773769402147
3260,916.5358199843358
3261,1268.0373632282608
3262,14892.380445130873
3263,1445.818695120543
3264,1303.2430656042925
3265,2483.9284518834684
3266,4726.766142323959
3267,5866.5015048041205
3268,885.7899857477792
3269,1702.6296765080965
3270,4809.568546494822
3271,1959.1492796013251
3272,5532.854875751485
3273,727.5197287987303
3274,2032.742302831904
3275,544.262326976157
3276,3791.6639104521205
3277,412.3081280865581
3278,4303.381676339358
3279,2228.000745966401
3280,4189.259784892162
3281,8659.129338795476
3282,3486.1458827564397
3283,4430.42620905736
3284,8797.513431801639
3285,976.1598845887165
3286,836.7371011714322
3287,3279.2713790439448
3288,732.817548929479
3289,4066.8610027545915
3290,3699.708022340287
3291,1269.3670668396408
3292,13379.887809914284
3293,3114.621319713141
3294,5693.6123288771705
3295,4604.528652443509
3296,11290.790380528022
3297,3237.0236987516973
3298,3094.9723815258667
3299,2117.5142549843667
3300,9243.108422772522
3301,4373.706275574841
3302,11944.084734724289
3303,1968.9598303266666
3304,2300.605455731774
3305,4856.751894413865
3306,3747.5962704768995
3307,2345.142173286715
3308,813.8592194687026
3309,2369.81342480498
3310,2367.984728466241
3311,6217.999200676793
3312,15390.395412977767
3313,688.557497745966
3314,9973.878649826314
3315,2523.52040444017
3316,13052.89925221358
3317,2573.7169716682015
3318,821.0830355542703
3319,9179.668309634362
3320,630.3100752190685
3321,4340.121730570952
3322,660.1386372144589
3323,336.94327570948826
3324,944.1411167746055
3325,1486.431265574612
3326,557.3542625096984
3327,4851.424187903638
3328,4713.844592650951
3329,7373.384593218026
3330,646.2373870178362
3331,3361.260072704579
3332,4128.723567379754
3333,1375.5308663057567
3334,1226.0325813976237
3335,12054.011451273622
3336,794.8776096241322
3337,4030.136615853422
3338,1971.8920247714752
3339,2137.4725521337323
3340,7716.815503721109
3341,8223.147079506769
3342,4632.542357897559
3343,10092.822879938793
3344,1494.9748429100528
3345,860.8803220417926
3346,4820.474629652481
3347,567.2746413415443
3348,812.8192644011901
3349,1399.1824941249383
3350,1008.0905316640328
3351,739.6356694750298
3352,1192.2216818998145
3353,1295.6819102978493
3354,1903.887318349405
3355,11718.062274474447
3356,349.2214535563021
3357,4978.538333493572
3358,1804.6219588071194
3359,2772.244700050728
3360,933.5839185766354
3361,1580.3881778018072
3362,732.6307775786754
3363,1935.650159367188
3364,11911.4222307391
3365,12597.716901499407
3366,741.8579165110714
3367,1861.547004156877
3368,15725.778531141426
3369,2181.034672672299
3370,493.4980926445596
3371,14379.426170445704
3372,602.7912583712559
3373,581.9175510004643
3374,16811.83905776625
3375,5735.251917447158
3376,786.5309587843067
3377,4110.698350920886
3378,5820.188534631296
3379,845.2687638217612
3380,1070.414531840593
3381,555.6448001273952
3382,1128.6752232085828
3383,2317.735840190743
3384,2873.7093322686387
3385,432.3108254206336
3386,921.6063731371892
3387,1227.275715740917
3388,6862.377123373435
3389,1455.9601845262491
3390,762.5133713901796
3391,1188.350492563005
3392,4599.891895121242
3393,555.0272335036348
3394,12273.619155716313
3395,14791.656142825534
3396,970.5404292746794
3397,549.0168270763484
3398,591.1887820873176
3399,6759.438915076422
3400,1805.0118010934307
3401,3202.8730314810914
3402,863.8900193006971
3403,625.238456980469
3404,3965.2631067109655
3405,9757.049368567157
3406,883.2831319724451
3407,1352.999812632621
3408,2708.435483028081
3409,1150.9258381261698
3410,2759.8015505303
3411,4625.610743341715
3412,2482.61495142094
3413,9672.632691689683
3414,2242.043882671818
3415,1330.3360324853816
3416,1250.7981295699378
3417,573.569720851865
3418,753.4270168689732
3419,3796.0812510115625
3420,693.4130955235046
3421,4274.921302394904
3422,1857.5530952259187
3423,4336.915685761639
3424,1866.9428075347346
3425,5805.273848872666
3426,757.1607524981218
3427,786.5602112435076
3428,563.1985524789084
3429,2031.9221521056934
3430,10004.669722344348
3431,467.0286963704525
3432,16569.349481119538
3433,772.0586071365474
3434,7251.685310869145
3435,7649.68488099832
3436,1610.8485925800646
3437,698.7200752287354
3438,832.6049188801444
3439,427.71145090722575
3440,2557.1727507885325
3441,850.7968353507617
3442,13699.50851447085
3443,16101.748796797665
3444,5019.648125366572
3445,1451.4671017091478
3446,2341.9392746473845
3447,9116.111104923973
3448,10957.01141451745
3449,1099.5993206734029
3450,915.0809577139571
3451,802.572164583396
3452,429.24551697165634
3453,1006.3577852792814
3454,903.2699687289369
3455,5328.326037628508
3456,3243.64813361365
3457,3836.333370240348
3458,1693.3700449736948
3459,1105.9359569132616
3460,2825.3424884159786
3461,2637.180357624561
3462,3058.347888504744
3463,6351.218280460787
3464,2226.4146136676327
3465,1035.5826252739162
3466,3080.456536142973
3467,15890.551201224907
3468,4768.348890725231
3469,4231.312492419625
3470,639.4381208052096
3471,608.9771017537437
3472,545.0502000573965
3473,15108.288317859544
3474,1684.4784512913097
3475,713.3036134176864
3476,4798.157341590856
3477,4495.48850081289
3478,3488.8112855120844
3479,9005.726406775944
3480,1627.734651531487
3481,6599.773799649637
3482,477.72001392485254
3483,804.1786085986541
3484,7134.9952477584575
3485,648.052880460994
3486,2922.911771612944
3487,10737.52183422475
3488,2209.038032852578
3489,2668.9701461336876
3490,736.6099373910829
3491,4575.803626382474
3492,1386.775133371215
3493,896.0358950523914
3494,2724.1226551139644
3495,4202.303309808273
3496,1349.908092343348
3497,516.893863284261
3498,3113.3706382123146
3499,402.89958562027687
3500,816.9055845540474
3501,1772.1364757702904
3502,5161.672586114427
3503,883.2532871234534
3504,584.1731515085125
3505,941.4362749208758
3506,1440.1590343196112
3507,1704.4927521556924
3508,5861.516522986763
3509,4036.2635893985507
3510,10239.911238176195
3511,4381.560132584989
3512,757.964128273888
3513,6499.600366611034
3514,1396.748253992815
3515,5267.196737263302
3516,2693.585935278482
3517,1148.9584273035425
3518,2036.727976316469
3519,6907.464892159942
3520,1092.7399090702884
3521,10596.006622392262
3522,3111.8439461776143
3523,16380.025765864524
3524,547.1795096107594
3525,4116.6003170684035
3526,6459.978700233076
3527,16951.12084724843
3528,15111.870076030622
3529,1475.9545851966345
3530,564.018361211537
3531,723.3165395405886
3532,699.726614497125
3533,13983.411425593982
3534,3387.4403941065093
3535,2480.2940665289643
3536,1144.5963788663248
3537,950.908819129344
3538,6429.333690873098
3539,16428.639752550393
3540,508.4614058489451
3541,698.3065754652089
3542,6227.871452668301
3543,823.3934772473099
3544,732.2948061514453
3545,1007.7379386340349
3546,487.4395143718957
3547,1589.7442623015431
3548,1800.5720072738713
3549,1669.0865113521531
3550,681.7342200005232
3551,488.20407564665175
3552,785.0874234768035
3553,14145.338890201563
3554,15737.079862820532
3555,9825.977003072723
3556,2443.548171834591
3557,849.3603782105743
3558,956.8534191010563
3559,900.9944694687915
3560,2364.7527955725577
3561,1572.1202442797648
3562,4713.836194471238
3563,11602.371396312941
3564,595.6808246493465
3565,13388.345837918618
3566,576.0122911843378
3567,3702.749496083744
3568,4342.1109320061005
3569,1704.2928368939506
3570,7770.803314676226
3571,873.4813018537216
3572,2673.582755170547
3573,1948.2212839301706
3574,4220.049083813849
3575,8465.65805216927
3576,15977.599475797739
3577,5169.813506517915
3578,15581.46305071516
3579,1725.7858259305349
3580,660.0418155540069
3581,541.3027833352844
3582,727.7051159581188
3583,928.7584492335263
3584,2178.814862492146
3585,13351.555493524795
3586,1152.5219811786528
3587,717.7107927884099
3588,3386.283163681841
3589,4217.022564867363
3590,1035.4894418203326
3591,909.4379676514232
3592,1646.8413829153524
3593,3614.0835913012693
3594,801.1701380878399
3595,641.7277066068336
3596,895.8062070430451
3597,472.1799696760695
3598,4552.319982085714
3599,5466.768175114037
3600,1792.4209313832894
3601,699.8160051447185
3602,740.6097185550543
3603,1118.432499559437
3604,5733.598529398388
3605,984.9085532764434
3606,2633.2179712100888
3607,15475.990252474887
3608,1735.832943001149
3609,4391.2397911205335
3610,998.6975914946938
3611,4855.8299290097275
3612,1739.0341501070097
3613,978.5464789486718
3614,2246.225381605947
3615,4038.4715106442804
3616,4357.846954613884
3617,6060.19015074942
3618,8424.866397719277
3619,937.5241011510666
3620,3549.3919276124293
3621,1602.3342631598503
3622,2182.0418828753236
3623,14340.884953316645
3624,552.3523394758599
3625,4523.579000635191
3626,7083.189012502796
3627,730.2361268147001
3628,983.4469924755917
3629,1335.9945342324236
3630,4905.796621939461
3631,3023.0750149546902
3632,940.0692446785856
3633,13683.33873022588
3634,15157.135445469834
3635,1200.173939144394
3636,713.8765210304582
3637,503.1129607049734
3638,4186.625095299852
3639,16912.8357439357
3640,1629.929001298356
3641,4310.610356813636
3642,15324.491858103223
3643,592.5988290767691
3644,1441.5989404111665
3645,8935.945730992782
3646,1774.1065606511665
3647,7052.306351479705
3648,1342.7604820166462
3649,635.16647679064
3650,754.8798307435868
3651,3700.081338536025
3652,5612.999867640424
3653,861.5094059446988
3654,5417.623773707167
3655,756.3873922288117
3656,1143.9356655702995
3657,5647.797646239911
3658,823.1455203157234
3659,817.7417563657427
3660,1489.6364303857717
3661,922.492236805228
3662,415.97080760255903
3663,9680.297700202027
3664,792.6008683278264
3665,2024.5466299432187
3666,6925.0093778876235
3667,685.1056048544419
3668,4355.309130529861
3669,6054.280973936093
3670,3708.9016222504515
3671,4049.9501933793513
3672,6980.338459263913
3673,1467.7773100175468
3674,5754.384863223704
3675,1264.8070287738924
3676,793.8650727927052
3677,5343.1590597619
3678,5702.393549299746
3679,5346.668275732088
3680,5023.760661195449
3681,1385.4804600032007
3682,11184.220708991657
3683,1116.1677563094058
3684,951.6919595474974
3685,1968.1663379460945
3686,1364.7647889384125
3687,859.1078918362737
3688,2521.935178149851
3689,17081.025964344233
3690,5893.90365447675
3691,11941.807819901558
3692,4657.592855991719
3693,519.0842385159453
3694,729.4345460894224
3695,1148.8474325292705
3696,5065.199952427182
3697,3595.643107378025
3698,905.4420578269037
3699,1720.3817541879948
3700,758.0905180182435
3701,423.76658565597563
3702,4762.887079490936
3703,5386.973474198219
3704,647.5159442934205
3705,605.1164764365421
3706,346.56043764550213
3707,12712.032292522526
3708,807.9465264432547
3709,4187.519812938359
3710,5833.4811364319685
3711,2030.1696007538649
3712,11806.060511303922
3713,4907.49222005454
3714,582.3471896428628
3715,731.6025197249351
3716,15926.365540280403
3717,5685.821098082108
3718,698.2003510527247
3719,668.3902978669125
3720,2027.6718027692607
3721,12052.572796044748
3722,1294.242928766268
3723,4089.4609115562916
3724,11600.900632861747
3725,851.8282198615748
3726,3818.6960512956703
3727,2808.8836951105022
3728,12860.825035456446
3729,9784.28563721541
3730,7534.364495355172
3731,1834.2773765258935
3732,1412.8024376065964
3733,1475.6354209207311
3734,1308.1903951755412
3735,7487.567572561704
3736,855.4723315761853
3737,6751.179344814845
3738,639.4644764692571
3739,1074.806825065773
3740,7309.152455599997
3741,4701.707393036001
3742,3568.988340558128
3743,8111.022978218109
3744,746.4975380242149
3745,4829.5495266006565
3746,14127.785067733086
3747,729.4589310681631
3748,5409.009005056262
3749,946.2865096026139
3750,763.2387993563411
3751,1038.6849951489144
3752,16151.614716717135
3753,1199.3235363117383
3754,1398.9734558381
3755,768.3273972310758
3756,10121.35793572233
3757,781.5231714185356
3758,986.1547814897644
3759,1207.843675833214
3760,2710.7356564205793
3761,4157.790505675552
3762,765.7053236010447
3763,875.2365827362119
3764,10678.952913737237
3765,1085.4246223192754
3766,1840.7915763338024
3767,10377.350873053554
3768,8946.017450458967
3769,1643.4721961025525
3770,2604.565622390145
3771,7584.74019864621
3772,511.628564921808
3773,763.532005710862
3774,2731.0131574697552
3775,728.7192954175061
3776,10418.881938323157
3777,1935.7936686453663
3778,777.2512318439099
3779,6961.987699931008
3780,2643.2927915021564
3781,926.1441967488331
3782,879.8767015306389
3783,7996.599817854605
3784,927.4102687489872
3785,11516.750979288196
3786,3343.9738903794787
3787,7244.566019240917
3788,884.3393552348602
3789,3906.022032250968
3790,5797.913102671784
3791,4210.356255159941
3792,6337.570977074138
3793,11120.468778991311
3794,4639.587148623619
3795,767.8694610864859
3796,860.0260690061805
3797,764.5140752867896
3798,1945.8414195604378
3799,650.5938623793509
3800,2866.725995756549
3801,2888.0813064930985
3802,12230.580765721163
3803,451.6223498598947
3804,834.6987243664298
3805,3990.1174301282467
3806,5702.14548769408
3807,5130.836825545455
3808,560.0326858248377
3809,697.3129450464103
3810,453.6295160945433
3811,1206.9007890566372
3812,3913.704242862384
3813,1253.3128206598694
3814,622.0841779121833
3815,483.4804946804652
3816,542.322209398184
3817,2368.937452722222
3818,4013.0571354281046
3819,1824.8480230040436
3820,2784.0534733638096
3821,1785.6897195245256
3822,2172.714279290053
3823,8576.832797066916
3824,871.6298237883511
3825,2958.0857500062552
3826,12183.878513790678
3827,3619.497467099547
3828,1729.070256607822
3829,543.8914080227983
3830,402.854347409459
3831,3150.8972619237275
3832,1016.9029448697929
3833,5060.499641581178
3834,4229.048091051342
3835,9693.204181799443
3836,774.4290712560082
3837,1350.1831975386076
3838,4404.837502011632
3839,840.3352198713069
3840,5038.634146746024
3841,2097.8676472541933
3842,14205.142778063419
3843,802.1807580033014
3844,4271.483625938178
3845,2636.176061872773
3846,2912.4159241673296
3847,7480.436796830777
3848,9396.285869903799
3849,1834.241716646126
3850,1806.9022097548545
3851,4070.2090094054956
3852,5004.2323823404495
3853,726.1489346966346
3854,861.8697814471097
3855,2319.471832511653
3856,9093.937622755446
3857,813.4238565199544
3858,12304.39013292106
3859,7950.585989935211
3860,1135.125884747869
3861,846.2510830735573
3862,1061.7341018095703
3863,15415.51336694195
3864,12012.28853128205
3865,755.5882727750659
3866,890.9681955061769
3867,8598.354455192024
3868,3582.3961028386348
3869,788.119316900289
3870,9077.743584313617
3871,3262.7477944258953
3872,1496.395944306761
3873,1019.17502348987
3874,1557.4578098383195
3875,4626.506872576774
3876,2747.2658928796027
3877,1928.6116726327086
3878,9420.316795220293
3879,645.4330641266738
3880,1314.1699987901789
3881,925.6752945883773
3882,1038.7665078905698
3883,4347.918207695275
3884,555.5476263043506
3885,874.9298616825599
3886,706.8418486643186
3887,3455.3142246625325
3888,6395.283497799497
3889,936.0323269139753
3890,776.1965650829425
3891,10434.281827022509
3892,658.8128210588134
3893,15471.994590516399
3894,2923.862729443865
3895,617.788704690081
3896,13448.298918771652
3897,1738.1879620598215
3898,4502.41007951383
3899,1678.8047813200023
3900,3047.632304682474
3901,973.1442273646021
3902,2294.9640589975675
3903,3296.784037897529
3904,909.3204728061214
3905,4659.219582542333
3906,931.4230244294154
3907,684.5439734201477
3908,8859.410217854944
3909,3181.002562674204
3910,968.9468153913676
3911,577.0822878274862
3912,5082.374984277747
3913,539.4478526104099
3914,1604.0518945504405
3915,808.7042583422112
3916,1763.118742130413
3917,2126.4127976468226
3918,806.086485118693
3919,2293.3593364157314
3920,2544.438624116304
3921,771.6565129559026
3922,624.3359605116716
3923,755.0580991763845
3924,1114.1299909428267
3925,1245.6844400738173
3926,3234.4326245491648
3927,681.1591342555716
3928,1757.4818373500352
3929,4285.964040851899
3930,1771.0885530117748
3931,6641.329237346186
3932,1297.710261328396
3933,1722.0902132537344
3934,4168.121547064984
3935,2339.4459960995264
3936,5143.721032863706
3937,419.72469603503305
3938,2231.077733586444
3939,4527.359833780989
3940,837.0103836290987
3941,2991.032034103575
3942,2066.605832645
3943,1986.6065409094338
3944,6506.695373827391
3945,2803.8591569385753
3946,520.8210815435768
3947,769.5941892119927
3948,3533.285272428542
3949,6420.075396142067
3950,933.6440228008346
3951,3606.5105900082826
3952,12446.072207765439
3953,2346.15120501466
3954,1376.7975394249274
3955,12456.103991417973
3956,895.0577536930809
3957,5466.435836644767
3958,958.8633853858573
3959,751.5952814728385
3960,1811.2245273619756
3961,682.0949762398445
3962,692.5404150544846
3963,844.653795220443
3964,1431.7259250099828
3965,1962.3819669271763
3966,4859.078283664839
3967,1032.5291429572994
3968,11388.883794112371
3969,1359.4008787747675
3970,13899.773120441323
3971,16240.848839978175
3972,4061.9451927657365
3973,842.898717086242
3974,801.5936812810833
3975,1191.5056448431055
3976,2761.04746266041
3977,4457.255086740443
3978,15050.85513256783
3979,2624.734318513675
3980,11893.108813276038
3981,722.880752947799
3982,11231.161799521145
3983,2399.17827620317
3984,6686.389956702404
3985,9189.215148720405
3986,1473.5768169390099
3987,624.1120391038689
3988,2006.1594926676628
3989,1279.4911973155713
3990,7110.282537977844
3991,1218.647131440825
3992,1189.427881317743
3993,840.7297797430674
3994,6913.602640923924
3995,843.9787396704965
3996,3507.9113575283673
3997,4238.916847806362
3998,1247.3669402413739
3999,15705.226443045858
4000,599.3345456021293
4001,5473.354577451053
4002,4394.027651413728
4003,886.0441007478644
4004,740.9616253554136
4005,795.1563854955607
4006,849.3122998963681
4007,3146.971403648408
4008,2272.3679456272102
4009,14587.717740033882
4010,5414.130045949756
4011,676.335817566599
4012,1036.6750688087286
4013,16761.62058148598
4014,1204.2322682708432
4015,1838.2206669100265
4016,1422.7699020348841
4017,12124.430606959553
4018,638.1814654724917
4019,525.4809851131004
4020,1717.6443275744336
4021,5044.83434428824
4022,2288.7746088531812
4023,465.55411795738246
4024,1766.694747260036
4025,6553.838210471373
4026,5660.5254069430575
4027,2426.1723451244184
4028,6004.957505097047
4029,4439.241390953069
4030,998.3186836186856
4031,562.1489137411759
4032,1383.4740324818194
4033,2458.190651822638
4034,1426.910631842316
4035,965.6115451579708
4036,720.5349305178302
4037,4614.617021405775
4038,398.07102526144035
4039,904.7594013700527
4040,2424.8023609375778
4041,806.916143183762
4042,592.2685588955101
4043,8871.164984397275
4044,1316.193263565241
4045,5119.613549237772
4046,12650.946301327715
4047,1430.893833425032
4048,6942.894609734103
4049,1611.018063253298
4050,2500.404626664488
4051,2539.6085264494523
4052,710.6966891134762
4053,1928.679567311847
4054,1599.5052129039327
4055,807.410500710349
4056,3107.0335772305234
4057,3845.521893422067
4058,890.7456454366193
4059,8838.139723895125
4060,1235.8249642189166
4061,1632.7385096310531
4062,882.7716918897772
4063,13269.437099221026
4064,661.4213828598827
4065,1233.1719352134864
4066,723.3675831085257
4067,1903.550413089638
4068,3527.8890623080943
4069,7152.946837386511
4070,355.4311494661961
4071,8253.767636273269
4072,2982.6099476768327
4073,685.3004084623649
4074,9989.611332348257
4075,1233.683419320092
4076,4862.522446308437
4077,815.8755893565767
4078,3605.6214505851085
4079,2315.1644205184875
4080,711.3771362636339
4081,5910.040093422713
4082,763.3946405939964
4083,1494.232140712846
4084,379.797332419907
4085,4486.3776953794295
4086,5485.3057465227985
4087,863.9561996114344
4088,2616.4785927399817
4089,2473.7828316964815
4090,1861.2601715465057
4091,6948.183812825173
4092,2039.5622624340951
4093,2903.55769672007
4094,2076.920953182459
4095,3180.213360632007
4096,4264.58866541884
4097,946.2865096026139
4098,2859.606860803904
4099,10739.909524140901
4100,809.797799267757
4101,6477.3719923284025
4102,4458.060231819053
4103,942.07914357865
4104,7087.285108226311
4105,5227.732716270173
4106,664.545717867858
4107,3126.494168624159
4108,1169.0709520442388
4109,14016.821928369925
4110,2544.2117094403693
4111,1525.7398706765498
4112,11038.573187669475
4113,3509.963864473838
4114,578.781246111103
4115,793.859741414868
4116,1796.5671920185237
4117,3725.1202430247054
4118,1356.7414761350092
4119,1869.252217414194
4120,4441.90214533985
4121,1805.1194002078405
4122,1940.922922335911
4123,936.9836038061535
4124,1538.633787707733
4125,16504.11884381417
4126,1858.5431899378345
4127,3300.4479067350776
4128,14803.074399934758
4129,2681.596545108114
4130,11704.002897451745
4131,2690.8256715327543
4132,572.073002388202
4133,3338.1432236834007
4134,5670.881979744831
4135,1817.509777523463
4136,1011.6048024084976
4137,1799.3764972290242
4138,2465.955825308702
4139,563.5993495087796
4140,2512.6144952781156
4141,676.6248716686873
4142,515.8849624100162
4143,12413.857740137733
4144,1716.280797673703
4145,5900.955108333914
4146,4178.006024480554
4147,4519.537944111081
4148,1387.0894550830762
4149,399.696273510483
4150,848.3722669084409
4151,624.6818699838459
4152,787.0856161254765
4153,3843.7193325559647
4154,779.7634612661795
4155,425.76162063644506
4156,12157.152025390275
4157,757.7064326896907
4158,487.7946637167024
4159,2759.3773729133445
4160,1435.7772931903469
4161,837.2132117782817
4162,945.2936823595728
4163,7361.68981795093
4164,3891.087620787758
4165,9036.848814287287
4166,10957.172798820156
4167,609.2473552147667
4168,2165.2397500481175
4169,3185.2404132741676
4170,14493.960720722174
4171,950.8521409242849
4172,1842.678484776121
4173,4562.3109646912735
4174,4569.368155855632
4175,628.4268851194247
4176,1918.023987092758
4177,4791.149652495139
4178,2449.09763528885
4179,575.9243051663384
4180,2777.056595724182
4181,8600.436658259063
4182,4927.858323040729
4183,4442.395300648795
4184,12156.420951453218
4185,7460.824845426594
4186,2929.4932574939776
4187,595.5865590387248
4188,2249.192811560356
4189,828.1416425169818
4190,5912.231908448807
4191,2770.2659851934172
4192,2175.717701979113
4193,5000.36496052897
4194,850.0680670222159
4195,5237.505912175957
4196,4143.036917667724
4197,4504.346273031307
4198,952.145192444756
4199,496.17759947419336
4200,3331.260756070527
4201,13988.944722024098
4202,963.9903139427024
4203,810.063987398722
4204,2364.712208502987
4205,3257.430588097739
4206,10853.168777578732
4207,1658.9650827915734
4208,462.07931172641383
4209,7644.574314869567
4210,3906.470552270288
4211,647.3259302663296
4212,2263.5993687504524
4213,1365.9513776172998
4214,668.1423427533769
4215,4383.43138865008
4216,2102.238092085521
4217,4987.917050719305
4218,840.5725760678806
4219,2590.3095577545555
4220,6375.102733691433
4221,700.527508559268
4222,1075.662613239463
4223,827.1005009931591
4224,4742.286573606057
4225,2236.970077404527
4226,1034.2208617594883
4227,9353.398219389324
4228,5486.584736240668
4229,13585.002804506363
4230,771.5664182396713
4231,4073.564736006042
4232,2280.98218021489
4233,590.638980914031
4234,8465.069953798946
4235,2283.085744123123
4236,767.8430345745837
4237,867.9844969584674
4238,1754.736179038763
4239,999.9843189137682
4240,2748.021719633963
4241,5377.235467627708
4242,636.578596106966
4243,472.61329557678073
4244,6606.319730810668
4245,392.52570185908235
4246,8520.554671346443
4247,4009.9791576605194
4248,4314.754641086708
4249,8111.2996856427435
4250,5071.721051160402
4251,6584.31230316733
4252,7308.764142292654
4253,704.4705289787648
4254,6143.58743866776
4255,545.4745205510435
4256,4172.6287190621915
4257,2114.527559462601
4258,3249.9803683776872
4259,2667.098058257596
4260,851.7228672023643
4261,5455.204582686132
4262,2014.2922950128172
4263,2517.504280044231
4264,4159.677030592868
4265,5551.223990175523
4266,12866.274452793452
4267,2853.6446704568607
4268,2001.8616678409967
4269,4057.6613271399224
4270,7311.624056983977
4271,1868.830480929421
4272,16189.427563105344
4273,7225.708678027095
4274,11369.243408818667
4275,3051.113247126905
4276,513.311958317579
4277,3992.4168489424924
4278,8056.822319336011
4279,1246.7712627770866
4280,913.9622498187764
4281,752.4064088427235
4282,2764.66716606675
4283,4760.485464064584
4284,10008.038076957015
4285,615.118885605551
4286,871.4523662067404
4287,4503.2678109096605
4288,2360.382107969461
4289,14291.762953699346
4290,6935.94982112386
4291,1440.3691108472804
4292,5384.017561550865
4293,3768.4777682417043
4294,13073.605763125159
4295,1403.5107222850784
4296,8888.878542640334
4297,1077.607341455001
4298,1835.7224911250992
4299,2467.889056076478
4300,696.5469475534928
4301,5063.68803279119
4302,12461.684029456139
4303,2440.826198328001
4304,6574.5796048055745
4305,5542.67902977615
4306,719.0659856420398
4307,6720.49406994034
4308,5139.637321746746
4309,1522.49302222274
4310,5099.646420785324
4311,1886.2862381452583
4312,11757.172285702076
4313,17148.850457253116
4314,754.341462564199
4315,776.547563911281
4316,3495.9178165736353
4317,9635.991958559072
4318,3595.764342309301
4319,10264.386186199084
4320,2042.3390907890337
4321,799.0286778422537
4322,677.3210050158773
4323,1164.5082245045182
4324,1651.6406668273244
4325,2563.491218375456
4326,4938.830783669967
4327,9905.985757785247
4328,4989.030586484428
4329,2558.3922197531265
4330,1361.6303141232702
4331,434.39869496440906
4332,666.0714423620525
4333,9181.345534846583
4334,2986.3182385813534
4335,3270.5839772750132
4336,1597.8236152211525
4337,758.2228136170661
4338,586.0639690071098
4339,5420.345858977169
4340,4805.329443152729
4341,929.1285566152469
4342,3027.1826732747522
4343,674.1426630458759
4344,7511.2493746878445
4345,4138.639007378296
4346,13372.214638883252
4347,4468.6489714829595
4348,2426.599419028455
4349,1166.1985655216426
4350,849.6801867715735
4351,4248.58751106824
4352,9574.010938628042
4353,1640.4642362693935
4354,6455.096811755469
4355,15956.221307525406
4356,1400.7450618799385
4357,1130.1963482729207
4358,1195.9296490706834
4359,12855.314984237451
4360,1127.985067769836
4361,7048.695458853195
4362,1861.138934313729
4363,15915.104452788264
4364,708.8534465794351
4365,583.7577041132918
4366,1854.0018562720147
4367,3062.1708897891945
4368,3158.250017739748
4369,2403.2767377392083
4370,1443.2509564927136
4371,427.42896512609605
4372,11178.227875238717
4373,9206.831914745559
4374,620.8642241107555
4375,1587.289823981997
4376,795.1925530241733
4377,6868.156019391201
4378,846.5001131803751
4379,2089.45547498219
4380,542.4655184249441
4381,16165.229057453049
4382,2328.177559324039
4383,737.1276353112121
4384,824.9093775639822
4385,7097.301348224615
4386,10728.383041780362
4387,3898.450823662829
4388,1108.7006036656148
4389,3459.108340103852
4390,1485.0107684270338
4391,554.329374828294
4392,653.1728206009802
4393,5894.999331809723
4394,1993.7732673533083
4395,4589.391624627741
4396,977.7036775310239
4397,736.6340812729318
4398,561.9359329169001
4399,3658.8348210839863
4400,1451.303283333551
4401,719.8442020406901
4402,14549.02877733458
4403,3221.5414644335315
4404,2634.715200504871
4405,945.5488497129909
4406,900.7837350662503
4407,14284.566846384107
4408,631.6495010899312
4409,1804.86723142456
4410,1704.5384642346353
4411,454.5697903820028
4412,6241.343912751085
4413,810.3437473028698
4414,771.1531335189434
4415,1382.8856166855317
4416,848.9990145045745
4417,5768.969530529082
4418,762.4940237916708
4419,3392.3326930709713
4420,6846.227502942582
4421,781.2012439258506
4422,5984.106275069056
4423,658.220623303424
4424,4880.48144769509
4425,666.0047837045186
4426,1713.1334041219652
4427,3997.5372459282767
4428,881.4576258470743
4429,6559.828861647668
4430,1092.7036682201428
4431,726.033242688693
4432,754.462010671512
4433,4901.174337583305
4434,1006.7872800462173
4435,958.9986195870742
4436,450.0440238444294
4437,6501.500597710266
4438,4427.493858513069
4439,779.6607926151542
4440,751.0191109633124
4441,822.5359987632796
4442,7517.594443601029
4443,15228.702468638297
4444,410.68782779036474
4445,1443.6819298663645
4446,5908.633656346508
4447,2079.6658396326256
4448,1364.527028261146
4449,4164.052288524547
4450,15956.218805947105
4451,10745.89430135025
4452,1030.8144876954452
4453,1128.0432105093796
4454,10094.521077150246
4455,1056.830606276023
4456,6912.962081434797
4457,3829.7834071327025
4458,3868.7027100347555
4459,4816.605029010738
4460,2163.553563685591
4461,2399.927001309703
4462,608.9966575136782
4463,1372.8510886979248
4464,5394.32913371493
4465,819.9420361926113
4466,7556.992993188643
4467,570.7970922153827
4468,4073.218417581245
4469,7239.506238773322
4470,2337.716975522684
4471,2698.133340927664
4472,7374.564740231294
4473,2096.164669444269
4474,2883.761399994096
4475,740.8669319563719
4476,5532.982278502623
4477,3015.768171273382
4478,4507.553446754649
4479,3234.440802364304
4480,1232.1846520276654
4481,1307.5927221859488
4482,2197.4142037078077
4483,928.0633599457519
4484,3055.842364133457
4485,12863.133076349432
4486,2106.1328812808597
4487,579.3338614254722
4488,1645.7081949419576
4489,551.8845499101353
4490,7885.079601014615
4491,2912.2111750003714
4492,11178.637474762452
4493,1392.9669669064879
4494,11466.457012517461
4495,2318.923969004428
4496,3179.76387068406
4497,548.7916460097481
4498,820.0969724274169
4499,5684.206237807111
4500,5891.226905155496
4501,711.0368547804369
4502,3870.2037765032915
4503,2817.8957211101397
4504,8328.265058825444
4505,2873.6784774235775
4506,1140.6700985156222
4507,3455.675102279222
4508,5155.345636222483
4509,4750.06436115391
4510,10602.644317598133
4511,7420.358440061247
4512,3405.203219646463
4513,11023.217712171243
4514,9620.544465510171
4515,7098.4298520798275
4516,1929.4091627784549
4517,11645.480013270804
4518,1918.6119806561826
4519,16994.427831473404
4520,539.4470587797023
4521,6185.69114461378
4522,6991.627041416459
4523,9111.840316031932
4524,1352.5265570395932
4525,3088.7962022610295
4526,760.6613020342238
4527,4499.1755087773
4528,3164.3283397772807
4529,3027.0492473510494
4530,11008.426171858539
4531,4451.313879749949
4532,1054.6508834296742
4533,856.2194397953531
4534,1697.5117581943873
4535,3885.9009060953595
4536,2149.922389871829
4537,15603.09081395315
4538,4594.352878869091
4539,2595.8241663090826
4540,1694.736715449406
4541,760.3264638163873
4542,1830.447216238696
4543,1152.059678077418
4544,3213.5190427223188
4545,850.8764825459725
4546,748.2318649068975
4547,3019.4205237943406
4548,6771.646558297067
4549,2303.796749373848
4550,973.2104334435166
4551,544.7975492613159
4552,1045.5608341564644
4553,6524.810864329655
4554,9574.492613217957
4555,706.219082499978
4556,2969.263725726245
4557,1442.988617674187
4558,4276.810263849818
4559,933.9974819289041
4560,1640.3585421462676
4561,7558.266966642501
4562,1456.2622766252553
4563,3042.5493464037168
4564,3136.067380141825
4565,14991.747850355026
4566,14382.458384089845
4567,1928.329571036444
4568,2808.1468530322827
4569,989.9156727699933
4570,1731.987958984735
4571,1394.6193252717226
4572,18839.82774936865
4573,5508.699736265458
4574,2135.4865439127816
4575,6817.965092452899
4576,1302.6140841201359
4577,910.4626384936682
4578,772.6902852134467
4579,811.0585542756635
4580,11411.598041821806
4581,12091.10015430675
4582,3102.4795113770538
4583,737.2644885289856
4584,1310.2552026111725
4585,2821.248010329895
4586,5660.801016728425
4587,4905.79196320523
4588,7267.953637999705
4589,6618.413474967402
4590,1480.9599855848746
4591,1816.7837169001823
4592,1143.2050350560494
4593,3724.846711271777
4594,5911.151367614011
4595,4841.163111676582
4596,9408.956711258012
4597,3129.5459043178507
4598,5915.947180964741
4599,692.9121751443558
4600,14709.18215201059
4601,5653.586596902087
4602,1405.5851911904783
4603,673.8675847292543
4604,7593.964745204115
4605,8722.32956554244
4606,571.8570935237708
4607,1974.258670263106
4608,3189.3381504285917
4609,9045.991524898163
4610,2370.247797289635
4611,1959.6504174366523
4612,11244.045000373771
4613,1077.468249053782
4614,1221.6911708780503
4615,727.7304501800731
4616,7142.286202110983
4617,4392.049313522755
4618,566.4369186993631
4619,9172.731179603252
4620,2289.37510855043
4621,15998.917023585533
4622,966.3801396958479
4623,697.9679827880273
4624,2175.358837916515
4625,917.2681042415475
4626,1987.0689128622757
4627,439.0949616480907
4628,16266.844903063617
4629,2443.3051605284827
4630,4698.353928791264
4631,1213.3079087896822
4632,16533.821625647757
4633,6620.4485593206555
4634,1433.815719623508
4635,6539.432755530841
4636,1074.3745875638115
4637,1066.9895474596751
4638,842.9448684143945
4639,1752.3616206648903
4640,1176.5565324437462
4641,2988.6447656567066
4642,11083.862663320471
4643,891.2897898991332
4644,3119.242050596038
4645,5135.714042660236
4646,8169.795531325698
4647,2934.294952738722
4648,4990.682137597187
4649,979.7152425254462
4650,2312.4224112066026
4651,4520.551865883226
4652,16476.155553622797
4653,661.6562010895555
4654,12288.137111487364
4655,809.8886513924244
4656,9438.433099395432
4657,786.0854677911739
4658,3031.0118517596857
4659,1750.3021076647183
4660,10748.882407282566
4661,5341.143385465688
4662,2491.6483089460885
4663,4169.453425483281
4664,901.245419537519
4665,4711.66351318932
4666,6475.389983039009
4667,902.0507285205244
4668,4534.6614817271175
4669,6584.005111202117
4670,2844.648769670846
4671,12103.856659411496
4672,5543.630566202558
4673,10433.360306938677
4674,5736.222123726147
4675,2338.097030092019
4676,3976.145861741861
4677,5498.738920851769
4678,933.3692655135369
4679,5883.41343410353
4680,777.1587911648276
4681,623.3937796434593
4682,7958.985968584015
4683,587.7375828630366
4684,6051.833479299543
4685,1407.0137317718822
4686,950.3890769384857
4687,3936.5533047123436
4688,869.7676770017097
4689,5288.407869502956
4690,2327.4224085207406
4691,8289.416045429249
4692,1251.4535436838332
4693,415.45487353391263
4694,738.2239652956855
4695,11209.79451932211
4696,3941.622645024718
4697,3005.6001161071695
4698,4774.344815527774
4699,7108.686553637463
4700,2268.0291660369467
4701,512.3080343337456
4702,5310.88053121984
4703,1784.7624151896562
4704,2175.2317668054566
4705,16360.742768634394
4706,3340.4688431296745
4707,1005.0065500997471
4708,1367.7809657277785
4709,1798.0848944511695
4710,628.7523362951333
4711,4127.608717036068
4712,4228.493887538463
4713,1047.278035048721
4714,2100.699250075855
4715,2010.361755645243
4716,15580.461906879435
4717,690.6264260070429
4718,14352.560475238
4719,890.8966893675201
4720,12602.593447390318
4721,4665.867829449271
4722,1610.5180712360643
4723,3794.9468347191732
4724,5659.935633179592
4725,7813.610796721643
4726,2201.207693794877
4727,1244.997103209022
4728,646.350716169221
4729,2417.1776518845136
4730,1177.6175095523863
4731,2834.93211452135
4732,7435.856347422178
4733,648.9971517145127
4734,8891.000199136095
4735,5017.498718468754
4736,4787.206739680486
4737,1275.3704212308235
4738,1901.933960071378
4739,1842.9509723348915
4740,1786.0615365335984
4741,4490.544420088049
4742,637.2351144795371
4743,3816.9680746968747
4744,580.5606299287315
4745,16211.179665462463
4746,824.5485773783216
4747,4110.581532448544
4748,687.8400822300118
4749,799.2602422444315
4750,3619.9837979946124
4751,363.24660880809824
4752,342.4943536331184
4753,749.679780142982
4754,1077.7779088770071
4755,4485.8790805526805
4756,416.1391267731028
4757,917.1344048668448
4758,591.6204440962265
4759,2609.692118727567
4760,469.46305647580357
4761,665.0444556621201
4762,3552.114585640933
4763,9239.71755399178
4764,2465.6853298578308
4765,2508.532644387214
4766,618.016933113327
4767,1276.2552309437738
4768,483.3522890770719
4769,5763.902716543212
4770,14182.719461300892
4771,1399.3277487239966
4772,1246.459503676168
4773,2162.853800153519
4774,1622.319980406035
4775,10879.70762423632
4776,865.1647303750174
4777,2199.792660006237
4778,3304.678427391475
4779,674.5435632867116
4780,8618.755355657178
4781,1352.5797703970939
4782,683.7477007439347
4783,794.5274178032159
4784,747.6618193482864
4785,4566.58511334834
4786,1608.99214961402
4787,673.4598955756837
4788,728.9102065331381
4789,513.1141441772143
4790,11816.072488766415
4791,474.1721966248401
4792,16091.648163040665
4793,517.0940156676847
4794,1372.2982159706703
4795,3355.35913190812
4796,614.5922287907988
4797,1606.0278877504356
4798,12002.72828319598
4799,818.1581120553051
4800,4167.067959900827
4801,9569.0995321169
4802,575.3734089824729
4803,13682.944404512673
4804,744.3792799407938
4805,7840.137431827392
4806,2505.754256626079
4807,15252.741686123949
4808,1721.7646588411217
4809,6065.881574785395
4810,1088.748141275451
4811,705.0646683663595
4812,7063.36792173444
4813,15760.458468519124
4814,951.3944211682388
4815,1844.2244002679367
4816,13244.3655550452
4817,10302.345978793917
4818,8170.185355057661
4819,689.2683313395837
4820,10168.813439149115
4821,791.774707809449
4822,2089.1006893732165
4823,2893.6183234592563
4824,2364.29295009388
4825,4528.568129646038
4826,2698.729432313444
4827,9517.583932990421
4828,1894.7495377564037
4829,10141.61327744276
4830,3491.2926104801604
4831,366.15838784495145
4832,5423.839103566825
4833,585.846332800802
4834,4476.123204378354
4835,17145.74576628959
4836,682.3373320465143
4837,12333.005912424373
4838,4292.201725180937
4839,1061.6719574040849
4840,1665.4434157949777
4841,15280.981912429672
4842,757.8249687301195
4843,2059.2826362578826
4844,826.0138832023235
4845,2302.009362696615
4846,9736.714720752898
4847,1112.4018536252925
4848,838.3998818476712
4849,738.7092261136168
4850,2281.6638072199685
4851,884.3924944207702
4852,2147.2274985324416
4853,950.9396470112947
4854,5732.09339777501
4855,6383.44111439685
4856,1610.7981187218206
4857,776.8170609339213
4858,3243.987034000826
4859,6526.794953082713
4860,2308.0671395756494
4861,3949.216252402268
4862,1043.2038726876685
4863,918.3363062269127
4864,940.5902728754827
4865,888.6224143142595
4866,692.5294830938742
4867,846.0652947049916
4868,2161.420750034792
4869,4279.389374438731
4870,5434.954321891649
4871,993.3075307116478
4872,724.940473631822
4873,2690.442298187829
4874,1443.8854147934926
4875,1001.0229807546029
4876,730.2538127222629
4877,3606.3672199593616
4878,1386.9462069098254
4879,8603.560717130582
4880,1045.015893254585
4881,2203.8535846236955
4882,5015.128831566703
4883,2707.296427761735
4884,12863.956703028642
4885,1129.7422770285443
4886,14913.461167752019
4887,8404.90973636381
4888,8008.391108747516
4889,903.4148124427825
4890,13137.27316175235
4891,829.768537475763
4892,2587.3696846613016
4893,11393.10834343089
4894,14001.867828162854
4895,4841.55133487633
4896,7208.816508743997
4897,1816.3889661999942
4898,706.4485783166924
4899,7249.505291233821
4900,1062.0791194973403
4901,9106.215718208625
4902,6615.334159445978
4903,716.3448079424666
4904,14024.928898994212
4905,1981.1154694489906
4906,3883.8174114361586
4907,1633.6882263711464
4908,1276.9836669313381
4909,578.7881014625491
4910,6770.536645067017
4911,1693.8419890328696
4912,7369.556076831292
4913,4594.948947473804
4914,1958.6832986153493
4915,3243.29102137891
4916,6483.906634610539
4917,1021.3595231919489
4918,6775.764951978243
4919,2128.1287378710285
4920,942.9387929943327
4921,7648.590721316035
4922,4485.4836848681
4923,2863.2797887861434
4924,643.0397640028846
4925,7658.364516887258
4926,1252.684759313016
4927,5065.872492651727
4928,5852.926293162503
4929,4703.680226077328
4930,2443.463444657441
4931,4994.927628689364
4932,2469.017972298364
4933,14947.01545344808
4934,1591.2733618082175
4935,1870.3505766539652
4936,12675.578775032602
4937,824.488462091359
4938,3850.0411489444405
4939,3012.3978492978017
4940,759.3757327931376
4941,1883.5059574851466
4942,15046.120847778406
4943,656.8437694143495
4944,4173.940909585872
4945,590.6209099155285
4946,1359.6788939937956
4947,4887.032933155713
4948,6837.610233335495
4949,5823.123629267024
4950,582.1261061786281
4951,4763.546739168097
4952,970.9909345131332
4953,11141.577666832738
4954,3271.627389079069
4955,657.6040993415154
4956,1709.3052400314796
4957,1770.0322056682685
4958,3270.5559797638743
4959,8487.696227189648
4960,3719.346640487121
4961,2414.843104412147
4962,4778.176351581336
4963,1556.9019952772878
4964,4079.6641333272214
4965,16349.62266542559
4966,1055.5990809899035
4967,15850.78039288684
4968,740.4304150941853
4969,3130.114910790565
4970,534.6768982986532
4971,1846.163794871537
4972,977.2937116666981
4973,8645.631026266381
4974,742.4376051061736
4975,1073.5690927512564
4976,4479.647263111996
4977,2978.095281108907
4978,4069.299382762744
4979,7030.62344302736
4980,836.5003830695582
4981,14623.497975044249
4982,14905.757790250273
4983,14532.380019345946
4984,5879.378017260144
4985,7550.832057253875
4986,15738.70052650848
4987,502.83184812805985
4988,1184.962139958206
4989,3287.2220192439813
4990,641.2140495637586
4991,1116.9440020626525
4992,492.2523461364167
4993,5587.964540960749
4994,1150.2031571261164
4995,2528.000127589874
4996,729.2681804570061
4997,3174.9077213278906
4998,3691.088647827201
4999,2469.8429821613536
5000,1905.4761779561252
5001,10312.039515119435
5002,762.2323947397772
5003,2770.2285721886683
5004,2519.860825773121
5005,608.8159077732844
5006,2639.19012735038
5007,5257.669982757861
5008,633.3306807884414
5009,1758.9269135289414
5010,544.9904192329468
5011,9778.561774446302
5012,14009.27595263549
5013,8176.74798847766
5014,915.5243029336812
5015,529.6866851393152
5016,1848.4722719489982
5017,2650.991552008715
5018,2537.9700303967684
5019,836.183402686484
5020,664.9805534720304
5021,2255.242303078975
5022,718.2107767334378
5023,7152.862406756685
5024,13472.832997434896
5025,8780.413563866474
5026,11767.392481326544
5027,7499.409352629667
5028,10472.142266513118
5029,2392.381734592709
5030,8483.191441627627
5031,5147.539695703774
5032,1398.8301274014839
5033,6400.751240848258
5034,2412.0967298273813
5035,1521.7114876757305
5036,16421.10036419969
5037,434.5338393871966
5038,609.2911548603888
5039,544.0815945404343
5040,14751.055566816032
5041,15101.038450291611
5042,967.8236916282654
5043,2658.048741187632
5044,3858.08006645329
5045,13251.937047332684
5046,3556.1686365436312
5047,13190.252128344799
5048,2268.200381937999
5049,1601.6319452283606
5050,13193.94682770934
5051,993.5790593452293
5052,1771.6358364646112
5053,1028.1581730981725
5054,1009.9234913177593
5055,3924.0050768561377
5056,1839.8167970890622
5057,2637.9413304062173
5058,6188.487872893285
5059,1672.3836623732664
5060,3656.652861135993
5061,6349.759407998714
5062,5460.823576312053
5063,5415.561404489561
5064,12021.766364485711
5065,1224.7144058981703
5066,5388.730820031796
5067,5171.312836487865
5068,4817.869304401576
5069,4407.455851212545
5070,12386.38994260364
5071,1645.4838312989887
5072,3540.011047505111
5073,4546.891261278636
5074,812.2351188093753
5075,804.6666533254474
5076,6054.882648023351
5077,773.2010370104335
5078,1136.4255327160395
5079,4016.6511526242557
5080,820.2284215415648
5081,605.3022658956434
5082,11398.556385916383
5083,634.2115528115432
5084,584.8414987640522
5085,2099.3754172743193
5086,4581.785536879842
5087,3690.5937981690863
5088,4988.296980954549
5089,718.5844269017443
5090,1034.0158748156814
5091,715.5280356796934
5092,892.1411952667809
5093,5109.824109937031
5094,5507.905682266
5095,892.0703362242675
5096,813.5557551951119
5097,2452.2042040195875
5098,4739.113167708273
5099,3906.9204219361745
5100,7103.9221075483965
5101,4748.750008116179
5102,1617.1234097728643
5103,5020.297256356995
5104,858.1534367767449
5105,1127.1086540957872
5106,3270.7617649899807
5107,1488.1057290794452
5108,1207.75086798029
5109,9643.694747582145
5110,3237.8782116324464
5111,2113.505096176934
5112,1458.916792980337
5113,9957.686579646952
5114,3213.7434068555162
5115,4808.546469648366
5116,3940.5217246173834
5117,1698.4582738961485
5118,8491.197275727303
5119,544.0381208100789
5120,14108.158365234205
5121,6897.852608103749
5122,4024.3328539414297
5123,2409.290939154219
5124,6740.0973644259475
5125,3198.6855669885404
5126,2523.9117029185654
5127,1845.423616585897
5128,3195.0575575861703
5129,1130.2477951854803
5130,2650.4259301230277
5131,583.9623050016821
5132,2702.9656549594274
5133,682.7602360445521
5134,2924.4671242749614
5135,1371.474607284349
5136,4292.6971977303565
5137,17241.801573055007
5138,846.0597444001664
5139,1225.1415685596803
5140,3491.0954245524877
5141,4801.899308302296
5142,1135.3640865301318
5143,8496.731419286552
5144,4499.523093324974
5145,1510.5169996621994
5146,2025.883291100559
5147,2633.715079760441
5148,11486.084562321077
5149,846.8299986878633
5150,709.7898153712158
5151,761.2853950789367
5152,510.0486926396534
5153,9507.113774494017
5154,557.7827272872955
5155,10412.511335989362
5156,799.8736989977483
5157,1457.637385599582
5158,13060.1782402268
5159,827.1630082734205
5160,8540.136539335446
5161,4982.664611640072
5162,690.769619161199
5163,2783.7179221468587
5164,3319.357483713054
5165,2629.3190500558712
5166,3343.0934577021744
5167,5325.604235119949
5168,7265.366602306038
5169,7542.042347006921
5170,3338.864178914037
5171,3028.8921419780054
5172,2067.584015296891
5173,6861.801265854743
5174,3848.3596278790087
5175,593.2102548010007
5176,4048.1150962273555
5177,12591.632026606296
5178,2619.646528252934
5179,847.9555864188437
5180,885.3437500091841
5181,1584.6461643245343
5182,1292.2371490241226
5183,844.8709850096834
5184,1701.9234220241924
5185,561.659685538215
5186,4861.177044563583
5187,7833.008678642664
5188,838.0791198340794
5189,536.9977010987891
5190,759.2145470278274
5191,4900.302471829836
5192,1477.5897783370233
5193,4476.243028401542
5194,7851.122576368114
5195,5614.20604221629
5196,3993.4528788225903
5197,4436.68668267605
5198,5914.198352022529
5199,8941.116174985997
5200,5541.638966351325
5201,1061.736763771045
5202,465.6277812951971
5203,2924.1444304153692
5204,3406.2808937578184
5205,1762.7864863880873
5206,4785.979669310042
5207,916.8608660981354
5208,2438.6249750951074
5209,944.6080915742941
5210,2720.06387462111
5211,11002.439131590068
5212,4697.351463514295
5213,351.92685582642844
5214,15048.310296877156
5215,1216.3818643418035
5216,6432.010546566715
5217,1980.3684412635978
5218,630.6130365026097
5219,432.9611225689573
5220,3188.464345783668
5221,530.953338851747
5222,3001.387133621526
5223,786.2061488494774
5224,1000.7600550868087
5225,4318.869239608403
5226,1179.4932566636876
5227,6590.6029990315155
5228,297.96930979127364
5229,785.0174360943752
5230,2063.6420941591286
5231,594.2777070947423
5232,1822.6268810532429
5233,900.5265367684074
5234,502.8707636765039
5235,7891.138978999019
5236,16453.427565183636
5237,16690.935650349045
5238,577.7962767272215
5239,612.1493336899707
5240,2890.1958832566834
5241,583.002875590189
5242,3173.6457907897375
5243,1787.5496105603847
5244,1417.3031523888535
5245,1332.4844695852362
5246,4330.443934563303
5247,5304.6824919825285
5248,762.4516652239804
5249,2137.110737186513
5250,424.17804940993756
5251,7043.987983741997
5252,2023.2009454840431
5253,729.0678527463288
5254,1442.5954184444327
5255,568.8648691492931
5256,1536.7404316456618
5257,18332.531369678705
5258,782.8921100062462
5259,5226.544465369121
5260,1094.474732001987
5261,2987.114106186215
5262,2261.9055767165955
5263,1733.8762867200176
5264,5021.884150079792
5265,5612.100703970675
5266,1611.4328572323907
5267,1078.472762353268
5268,1151.9265290196427
5269,1100.225111665769
5270,14676.431732573417
5271,3920.2236423503055
5272,14319.862609245056
5273,6260.109267156649
5274,4224.824751798177
5275,731.416938364152
5276,687.5766571416207
5277,4600.712077805459
5278,2028.8000808092186
5279,3000.6963956738027
5280,817.9457977254169
5281,1318.2273481446687
5282,522.2672842657553
5283,804.1623905006932
5284,1467.6988088751164
5285,777.8955832898464
5286,2041.1288458209824
5287,5469.4898067223185
5288,3030.2376764636992
5289,5453.164401047716
5290,3595.154952309785
5291,520.2004570153567
5292,2760.4453522344756
5293,773.8128860667321
5294,4160.879466926687
5295,2856.7648857119466
5296,2229.370132170474
5297,9612.24831045904
5298,748.4646957388595
5299,14513.297762334714
5300,9632.617209502192
5301,3713.3504410704945
5302,1436.205247000526
5303,2234.1605351417697
5304,1220.636777253516
5305,833.8408895629495
5306,1971.250615579527
5307,535.1290822234337
5308,7479.714155008087
5309,7975.591497457539
5310,4277.436207220199
5311,4552.471335726035
5312,1487.3059383477398
5313,989.0152732597767
5314,432.7998505590922
5315,864.0541654246031
5316,973.8582527388835
5317,612.9556630107895
5318,1800.0388077326866
5319,2934.013574526554
5320,500.9036579572871
5321,1480.4391115758735
5322,6184.088657986616
5323,1554.767585751445
5324,4232.232719094466
5325,1703.62155858585
5326,2952.107701837406
5327,1140.0495991892067
5328,518.3884998266994
5329,2471.62309496361
5330,4466.7267661037295
5331,3719.7435855060658
5332,6183.255527461679
5333,907.2610982470046
5334,816.8752681596866
5335,3085.1148481640134
5336,8862.391401776153
5337,10963.98009174468
5338,9357.880636047856
5339,2894.7058451625253
5340,1703.4406134564142
5341,747.2174403909899
5342,1029.7209552707727
5343,4254.366893534621
5344,8431.247068750541
5345,10128.057119678004
5346,14643.236667026778
5347,3696.7554679094824
5348,1994.4978525401818
5349,2923.143476271415
5350,751.9305383354922
5351,867.7529413003786
5352,689.5616240534687
5353,2182.599236057097
5354,900.3581786253831
5355,2654.9007473406514
5356,17252.83819815523
5357,10128.644186818681
5358,2018.6121702249675
5359,2956.746028430432
5360,907.6047009000599
5361,3620.303614684152
5362,1263.4430292412726
5363,3906.605493823284
5364,1545.7534935255308
5365,12203.106017761998
5366,567.0263654249052
5367,7230.791065408641
5368,3896.5035833123497
5369,769.060417542074
5370,1489.5591977191966
5371,3121.707263222882
5372,2080.8268909535345
5373,12783.60021487743
5374,4161.762086181846
5375,784.3362327263376
5376,1813.9558634260993
5377,1077.108633528418
5378,16836.71703007565
5379,9476.0081377151
5380,3472.0788461157263
5381,644.6168759862203
5382,1329.4217226048063
5383,4470.639654980699
5384,15338.917194812899
5385,900.2302103569941
5386,567.7937382652326
5387,1588.6544308482012
5388,812.0142915869501
5389,8771.297974422176
5390,869.3944506435782
5391,3852.457846220787
5392,5939.018346291961
5393,3980.1214559933915
5394,715.3007619437599
5395,15441.001636335848
5396,7179.01308791876
5397,4015.439908631127
5398,676.1434671618304
5399,2253.8722147887966
5400,4542.484968770047
5401,6801.138366187582
5402,16969.64306579579
5403,836.7754017649154
5404,3817.5944818822204
5405,7327.144943210267
5406,4097.157743202376
5407,6429.9570599503495
5408,1950.2848289507021
5409,912.1443240105973
5410,7312.43002020673
5411,1915.580398775259
5412,3854.30473433497
5413,12968.662850875327
5414,8022.277745255722
5415,15193.515318942324
5416,1495.3762682555353
5417,1821.5157807664314
5418,5445.696539272736
5419,559.3082923193874
5420,1020.4597301314543
5421,1847.0883554659222
5422,7356.367719949632
5423,7313.123925873548
5424,2301.7260719505475
5425,448.17600781551164
5426,578.3969532814567
5427,4847.817270502677
5428,2314.372052059556
5429,867.0715923955145
5430,16071.243842779042
5431,579.8301658308314
5432,1036.0333021251067
5433,9188.139015489305
5434,2204.7321018853063
5435,5924.850203412206
5436,2892.7536542622065
5437,682.5380672531314
5438,11266.464667507036
5439,1047.7875685879894
5440,2204.314791436809
5441,1987.099569762639
5442,1021.7380223503319
5443,3504.440946486446
5444,1438.5169485333654
5445,6428.461547317272
5446,1048.8528218910901
5447,4115.991045296498
5448,1898.1348018569913
5449,596.4599763284236
5450,11385.337186832454
5451,9148.697340332665
5452,631.3676437158101
5453,17099.95254664428
5454,5172.907944471921
5455,1642.7368790521882
5456,5183.563992504298
5457,1910.858638246714
5458,2602.970461002
5459,979.2405252632843
5460,2281.911541816684
5461,422.84782987521567
5462,3797.2349065545213
5463,672.5068700572133
5464,3776.933555207858
5465,3640.6609814223293
5466,2925.0083262643684
5467,855.3060400835607
5468,5656.071977023843
5469,2317.715377734843
5470,2097.0450991029966
5471,5565.793192633913
5472,3976.1772023411086
5473,1897.30070587291
5474,11939.915883186062
5475,15884.895685548872
5476,4825.9779817825265
5477,1287.5543746763083
5478,988.9739368604401
5479,9921.977119262503
5480,723.5474420782325
5481,958.31405262311
5482,8649.958747684967
5483,1521.719487346486
5484,344.20696068195366
5485,567.6784033970412
5486,6339.6713720802445
5487,5338.775184465425
5488,2065.923371278921
5489,1121.3487415948152
5490,4696.000946766062
5491,1217.6155435059254
5492,1290.7346077604457
5493,716.044262255622
5494,901.0126906230057
5495,792.8896086856616
5496,14620.363107627938
5497,6251.187857242267
5498,982.1594955348805
5499,4984.530354435338
5500,505.5914524639088
5501,1093.4835684522059
5502,3735.673557693106
5503,6384.739165080655
5504,6733.191637632243
5505,588.7261484350652
5506,5023.673550107509
5507,7955.850789362907
5508,714.2725190795122
5509,490.50353810882234
5510,1701.6155368578775
5511,1714.6511209754076
5512,3465.0082629646017
5513,1175.451876747653
5514,4999.089652681864
5515,4733.443793123081
5516,858.9497565307947
5517,684.4678308346229
5518,4600.724396285774
5519,5165.801605446257
5520,9444.703117682511
5521,10641.788534125917
5522,11800.646013557483
5523,2035.36922212099
5524,610.5825803651774
5525,1556.0298348413571
5526,6145.642134525185
5527,1260.962308103355
5528,772.6579659214935
5529,2123.226750839648
5530,389.0176507231572
5531,1758.961103276938
5532,866.4047749524516
5533,4543.06120615658
5534,624.6222710536181
5535,511.49299406581713
5536,3805.68180298756
5537,3237.2902257765954
5538,4378.154289636853
5539,3897.8522919105058
5540,3881.7144053060465
5541,659.1649319544499
5542,1164.1824089474767
5543,1361.6608826698707
5544,5883.731431539784
5545,940.6901770980253
5546,1138.8088770449226
5547,8313.663843823457
5548,4916.273443586504
5549,8825.630559576042
5550,649.2454819285181
5551,4824.889600938962
5552,2732.8274778125974
5553,4540.726254448594
5554,902.2962365799108
5555,3312.537612397624
5556,1652.7336790537265
5557,6299.597693434964
5558,2059.74635890618
5559,4044.263656855268
5560,700.6803435649358
5561,14488.579032458225
5562,710.1283771206085
5563,851.3496718625688
5564,8657.964274552514
5565,5685.08381429572
5566,15139.559066827182
5567,14770.934703946989
5568,835.9217416553388
5569,16967.415292399914
5570,1343.671631889918
5571,483.7975991659714
5572,578.6677880519624
5573,2100.433648706473
5574,736.3789547006368
5575,435.0580624239633
5576,954.6515346858737
5577,6748.883307473992
5578,1213.5907977207307
5579,602.6793568163994
5580,915.799623313605
5581,5168.16522048269
5582,7224.736764138026
5583,686.4122125055324
5584,573.0251742699052
5585,739.979845980622
5586,878.8150476860474
5587,815.9839721507342
5588,4307.948280866353
5589,4573.714015703881
5590,12373.806354006276
5591,1680.963828848226
5592,2117.9876026045413
5593,697.323521616403
5594,629.5513494289135
5595,568.3713411862532
5596,1887.571806869395
5597,12854.690584604243
5598,15509.64202047655
5599,2365.557850193666
5600,1890.2058743081925
5601,869.1003391754907
5602,2477.59070877432
5603,2658.8505601807415
5604,15990.77983716051
5605,2230.981192335419
5606,4925.249449358414
5607,974.5283679028639
5608,7582.297047555807
5609,595.7193652894221
5610,1927.0760434235335
5611,13863.682111153921
5612,5387.170179938525
5613,867.5269737386084
5614,2887.2360728991152
5615,10588.813757619046
5616,5503.166821413724
5617,14607.996609788197
5618,1708.1614761399806
5619,512.5334563565762
5620,1192.1406989158768
5621,7173.672004881156
5622,447.5998246087902
5623,2570.2988340868583
5624,644.7688473313378
5625,879.1005526545537
5626,3869.511976828322
5627,1712.3967476822527
5628,2161.373784803949
5629,2514.8538817562307
5630,1649.3923283852137
5631,3662.769207702747
5632,1093.3253022365134
5633,5232.268037168099
5634,651.3055903193203
5635,6654.0837783017
5636,3076.7942265465567
5637,4356.808934928704
5638,1883.5689582052382
5639,860.2377987340792
5640,1900.6322635123927
5641,1095.058351031058
5642,641.172016978338
5643,787.8223816617451
5644,10941.727565645053
5645,6615.77549102963
5646,5086.847402249898
5647,2366.7364367237888
5648,11114.21840046441
5649,910.6407024773275
5650,681.7453616431576
5651,6001.89834644915
5652,812.2440586148241
5653,3001.6438915884273
5654,4628.460395083552
5655,782.695114699718
5656,6011.577520739613
5657,1117.5863756561466
5658,4157.254331895643
5659,4698.289355271052
5660,705.2843648458115
5661,13179.228955097826
5662,1217.5707398663085
5663,4572.924182766516
5664,649.2749000955987
5665,2656.006311849898
5666,775.7966722750102
5667,470.70718944076634
5668,966.5498131963618
5669,3621.359470610029
5670,1607.0542712902447
5671,2849.4668408879934
5672,6966.792534003986
5673,2162.5335669033166
5674,813.8884986429084
5675,1328.1095242125775
5676,3412.072631679757
5677,4779.250961033312
5678,3527.2623157218163
5679,723.3495376060227
5680,12335.10057509902
5681,2734.7442082425864
5682,682.2800752558924
5683,845.3615042113875
5684,2089.829732532932
5685,5873.598502604187
5686,955.8891191192483
5687,620.5098829050444
5688,3656.0608864789992
5689,5293.9767098445855
5690,945.5886165854613
5691,6199.380857683542
5692,3491.7369637641987
5693,1631.2289984865342
5694,606.7068623573409
5695,1035.0722188983277
5696,2792.236162820809
5697,1753.7980780755747
5698,3462.7265348024494
5699,571.1014969347461
5700,1733.4273530060505
5701,752.3355429369667
5702,3629.562470239477
5703,3183.2739152962713
5704,1348.1346126176813
5705,6315.931306639293
5706,7816.057393125512
5707,5528.702033988297
5708,558.3745345400457
5709,1206.2052285339491
5710,7510.377272894808
5711,811.2357272211461
5712,2499.564148042804
5713,4534.670479377933
5714,1452.9465384964442
5715,3277.172845813805
5716,4471.06230357663
5717,1024.5630668126705
5718,1768.5676898465563
5719,2688.805003015419
5720,3310.655373115058
5721,1965.2775588412123
5722,357.14046447692954
5723,3375.192280397456
5724,3157.0751986237847
5725,2004.7502017921502
5726,3266.8904663951084
5727,1497.7714176978357
5728,3212.7505697031393
5729,6723.750629547589
5730,1437.8914955647797
5731,1267.0611724139767
5732,893.1187106831308
5733,1468.39447860899
5734,928.9732995783143
5735,14705.659316318326
5736,752.2129881284218
5737,2925.7608342378926
5738,659.8057716784042
5739,16828.251253233477
5740,541.6642963723807
5741,7462.070404857275
5742,5088.510730509158
5743,957.2959204726385
5744,2805.301596104778
5745,2171.3716325940113
5746,803.8963741758171
5747,1593.5512643753545
5748,309.90845086999434
5749,14386.676005334159
5750,2004.7259138736317
5751,851.4459582511508
5752,1187.8945588455304
5753,2270.8202753060223
5754,1121.1701682267521
5755,2308.618857487144
5756,4623.406698288721
5757,2482.982212485408
5758,3499.7248918069963
5759,4224.482376303432
5760,1030.000151048083
5761,8632.810725781295
5762,1400.1274318472038
5763,4409.212207168615
5764,1739.823252347654
5765,5471.442890311383
5766,6213.726902745182
5767,570.0925867831402
5768,2487.7404964531615
5769,4357.219331718813
5770,3675.971953237825
5771,17225.017105598115
5772,1807.7399119920074
5773,790.8598205649073
5774,8470.612408684847
5775,935.0346739386396
5776,1198.036309701583
5777,3972.1338996517275
5778,4431.778344122837
5779,1004.3099535242586
5780,9812.249845072376
5781,2014.3961466966991
5782,2447.342820111072
5783,5665.141585157644
5784,2312.680307105077
5785,2267.3481218103834
5786,816.4574068822749
5787,6374.086954698372
5788,13546.762033068564
5789,3708.561434373194
5790,3710.7840839769465
5791,10946.606534157589
5792,743.3783006016515
5793,1968.6620190046654
5794,852.104144543981
5795,516.2852921505041
5796,935.3488851549523
5797,4641.036716356469
5798,1977.204946327161
5799,5907.154443206611
5800,12160.200961231241
5801,2804.109080821918
5802,10176.293138394973
5803,1965.5920946226304
5804,2798.8805616197087
5805,2935.5982113451882
5806,15731.890150194053
5807,8324.778733541272
5808,871.9863361508465
5809,14935.434635074862
5810,10420.02166487175
5811,2844.6768011107038
5812,7154.44094558544
5813,6553.877534227534
5814,17133.045687990438
5815,7677.518896816106
5816,1078.1102120190217
5817,1000.6038793880575
5818,928.3162437323936
5819,13641.930731846707
5820,3318.81479553232
5821,10474.878984074594
5822,5944.275461665744
5823,703.5253804575068
5824,10132.989245398852
5825,1633.3022493972644
5826,5192.794177323685
5827,1625.5672476686273
5828,11893.227827450346
5829,894.3890668072017
5830,383.09800159804036
5831,9213.399446598181
5832,1517.1887732242217
5833,2430.9400901044364
5834,2570.521634983966
5835,1177.6219330260014
5836,641.6412199779174
5837,3738.0560542586204
5838,5242.715301803163
5839,9081.887039436206
5840,2334.6264290152667
5841,1688.6837354330069
5842,1890.1818871629775
5843,1476.175393161695
5844,803.0948421244971
5845,541.8784693787957
5846,701.5679481287862
5847,552.5567169700166
5848,8683.736475700414
5849,855.5769096320032
5850,4863.891948135861
5851,824.4252337879066
5852,691.1994066302
5853,2273.2674063165186
5854,330.081255815433
5855,2961.9784836723593
5856,17856.43747484711
5857,8408.571487488654
5858,4202.064384194027
5859,4009.9871603876663
5860,604.9312259356398
5861,2811.9679154513506
5862,1305.537043682048
5863,4619.076926618599
5864,1960.4887817114034
5865,892.0456323792864
5866,2657.7833336767712
5867,1654.2371409082666
5868,2139.3855163240787
5869,4811.851216075061
5870,1394.3956016965471
5871,5357.730635316682
5872,2974.3709055975382
5873,2773.9577134927813
5874,5272.537013516581
5875,2721.334410608071
5876,3184.9318410936016
5877,1727.5642392910663
5878,2601.6597770541566
5879,8739.18925694791
5880,3000.838637608576
5881,850.6935934974595
5882,970.8901294436664
5883,2196.971406671857
5884,7381.572430401862
5885,541.9059265743604
5886,967.9457444943523
5887,2771.855472840346
5888,583.1059902134998
5889,717.5055794485729
5890,591.9363487295686
5891,2355.0699949588425
5892,793.940333400185
5893,1731.9727180796244
5894,3477.6607685419526
5895,1681.1510991821565
5896,484.87812179123193
5897,2901.2758775043367
5898,4171.08003081826
5899,5199.537534783283
5900,925.9115112891136
5901,2429.2462258762102
5902,548.679221408408
5903,6624.385291684329
5904,3160.8033916086233
5905,4712.3155240055385
5906,602.69846974138
5907,705.6525491082762
5908,7148.55909297562
5909,5268.61401113618
5910,719.7026124619574
5911,1860.2673646382327
5912,635.1706753499216
5913,693.1382534779555
5914,1876.9660568002641
5915,541.6540897058626
5916,3006.389496947959
5917,2580.412138085613
5918,617.3139659324866
5919,1333.6031376735837
5920,1959.0427610777106
5921,568.4067907821341
5922,2165.1121283794055
5923,5156.797367029591
5924,4385.612790822695
5925,5900.032260885907
5926,1268.4408839556277
5927,1840.1909711227954
5928,1657.5426564949526
5929,10778.673052910763
5930,2202.6569111049803
5931,3766.908258893508
5932,761.8803723271994
5933,442.7225406909515
5934,657.6820537008603
5935,777.7707483492259
5936,614.5784319623635
5937,3021.9403257356435
5938,12076.193570073428
5939,14104.065578015612
5940,9326.658616016812
5941,547.4702324284403
5942,378.7635873284539
5943,11866.357233595234
5944,1790.920633580004
5945,1091.1149291507281
5946,852.6107309001104
5947,8352.113175258313
5948,633.1697192477027
5949,2304.6604854180578
5950,913.7912865804747
5951,11015.311884496263
5952,498.96891089186147
5953,1261.2837074785411
5954,676.2580497451977
5955,5512.993897678572
5956,6295.789782755711
5957,1711.172274006905
5958,3065.4469024046293
5959,4868.974926837862
5960,1000.5696208518343
5961,1708.9940675294984
5962,1079.0191787505173
5963,8049.651141796982
5964,12445.248762157895
5965,5215.587600935165
5966,13292.611594460835
5967,936.341083312047
5968,5676.863477942683
5969,13106.396053304838
5970,10431.723179465705
5971,753.0117197107306
5972,3348.7864397874846
5973,3097.6754192566477
5974,740.7628430229629
5975,5311.130902303786
5976,2855.7385651801833
5977,591.5877429058105
5978,3186.333619611066
5979,778.7326722882422
5980,16275.869178823024
5981,1706.5368026681472
5982,2006.6993825314194
5983,4002.118408169436
5984,14337.430251562038
5985,2473.389772894978
5986,1439.6389446138937
5987,1063.0346534724267
5988,9628.599254840996
5989,4670.270178985422
5990,12702.081415716724
5991,2274.2194980275126
5992,2283.6473522099386
5993,1085.898629217062
5994,1662.897251841559
5995,6504.570792298578
5996,3087.036146227038
5997,745.7407437046368
5998,592.0441381126484
5999,7288.430079836823
6000,607.1399304997822
6001,2578.9027604288585
6002,944.7268248292153
6003,1608.6998074902867
6004,3426.5809502395214
6005,1311.1188135303578
6006,749.3106400375091
6007,1801.792230760268
6008,660.0467756680159
6009,528.5886444410917
6010,13524.576436442918
6011,6787.522555489184
6012,1631.565515194633
6013,909.751204935143
6014,7317.832615475153
6015,7001.364958288141
6016,804.8930446111858
6017,1525.3238212053088
6018,1242.230982720987
6019,817.2511612029284
6020,1983.7106829228117
6021,746.5047511980756
6022,6029.921373197514
6023,699.0031269989418
6024,2531.142245443095
6025,2325.795478846596
6026,4894.329832755067
6027,2563.271879672785
6028,3347.629945419376
6029,1611.7718031450945
6030,2112.405608795291
6031,1913.576673043834
6032,1647.28286788566
6033,520.8320925859475
6034,810.2090621225052
6035,9391.26686220782
6036,1940.465683195779
6037,5802.285565128674
6038,863.9561996114344
6039,11390.994075088973
6040,7022.3536157857325
6041,3657.7776037911844
6042,1169.9671383111177
6043,1715.206366214204
6044,917.6546232169508
6045,605.1437714590706
6046,3986.978229915723
6047,1427.7357553433303
6048,6397.827949041835
6049,712.0585277389523
6050,7835.97255085775
6051,4006.7802386552294
6052,3361.9302593197217
6053,719.1775331234908
6054,6502.4836042968855
6055,748.816021043795
6056,3430.4602647852553
6057,1273.4017870400203
6058,5037.751587011144
6059,4478.422803696927
6060,3958.9693802068946
6061,9009.963264058304
6062,909.6257569571039
6063,4381.022961775811
6064,766.0695023860671
6065,5347.400332675873
6066,6759.016615540455
6067,810.525626031173
6068,557.399803264299
6069,2425.9414089435377
6070,6184.566935967239
6071,520.8277866468002
6072,3113.975329180494
6073,1484.7865646264772
6074,13986.825062097618
6075,1021.8026465687117
6076,1197.4931757718841
6077,848.8004392515641
6078,2246.3395975847916
6079,4625.921874115745
6080,951.5094833951439
6081,11099.761900151501
6082,3213.246034256065
6083,2392.3839565759145
6084,4492.660712659317
6085,17516.748025213365
6086,2629.2701885018296
6087,6413.61706680606
6088,4297.686657825794
6089,1904.623633532667
6090,4881.517167519503
6091,3877.0149233464676
6092,487.36458164785154
6093,3713.1705597047558
6094,631.9567706152498
6095,1448.2000988278714
6096,442.54751394331197
6097,612.053339740984
6098,912.9533785932899
6099,1376.119170322294
6100,921.7597836056893
6101,783.1388436679322
6102,701.5236677439761
6103,1378.4894873879307
6104,4220.381063846882
6105,1389.947906471296
6106,2804.008678268533
6107,1615.8587867845508
6108,961.851704791773
6109,709.0697079332663
6110,4709.999710221005
6111,1095.8729913588809
6112,1827.7769254013779
6113,3598.501328010624
6114,1362.7597201816093
6115,8539.865117695499
6116,3383.9787319260136
6117,10490.425911603039
6118,4031.3323899692687
6119,4497.93405606648
6120,15334.023140329355
6121,7324.925140128455
6122,2367.5472286538934
6123,1865.1032771077557
6124,9848.067904856618
6125,11071.937740348803
6126,5532.293682423131
6127,848.3571616445447
6128,3022.7890534850067
6129,3252.8792569160933
6130,8014.763146417613
6131,789.6104679756431
6132,559.9503338996483
6133,1508.3451726503095
6134,2164.857948819292
6135,1060.3514218929718
6136,4606.932794542751
6137,3603.098446739321
6138,1724.4185118545984
6139,631.4500807244322
6140,3643.605815375247
6141,4717.794217925152
6142,8543.25566884346
6143,1567.109148110616
6144,4040.3135641456192
6145,572.9457291114209
6146,1997.013209645219
6147,2109.348324431262
6148,4503.8409283350475
6149,463.63468820821026
6150,1018.286407814433
6151,620.6653596203969
6152,966.0519546717901
6153,5302.887915610568
6154,822.8969856635858
6155,4480.226457331641
6156,1187.6643194639619
6157,9568.233128823686
6158,1496.379119035736
6159,3257.3635615614858
6160,818.6323934020052
6161,1031.2597187199758
6162,9439.341373696563
6163,2364.7429851565394
6164,1793.2506663905565
6165,2633.18823222819
6166,2767.6054662866636
6167,3587.533236723878
6168,963.6264769615877
6169,1031.0966924706067
6170,4687.602106102734
6171,4651.377808405805
6172,2631.260951370993
6173,3359.83567050461
6174,523.0786102640541
6175,969.4375129397231
6176,3700.3537678597527
6177,360.2213743819807
6178,5135.957400427433
6179,899.3132152996204
6180,9137.230131541464
6181,1738.5836569716744
6182,817.8200512929138
6183,326.325195234715
6184,7582.967473144412
6185,4884.190167505702
6186,6114.217637868236
6187,5571.41481536774
6188,5971.031251529943
6189,1872.4033718706696
6190,823.0348862868209
6191,4587.393042215328
6192,13940.379504620374
6193,1850.039236445492
6194,1143.4388365606528
6195,2144.2547264104237
6196,6251.670704588091
6197,1814.676700279766
6198,3651.657641881473
6199,986.840928968164
6200,1692.0373437138173
6201,10192.067783886461
6202,1713.3314220904367
6203,1745.822059142603
6204,1508.0729666027792
6205,742.4695002245048
6206,3079.426267072509
6207,6700.163917812172
6208,2797.4702643307683
6209,2312.7236901172673
6210,4756.097348044681
6211,3954.6265706490635
6212,1054.8057996497346
6213,1690.9505902530027
6214,4093.824424431082
6215,2101.824343303525
6216,1414.579299097964
6217,12911.919063733687
6218,4225.596132712486
6219,1529.7216788906962
6220,995.9923217293685
6221,15392.141581780454
6222,1727.5956162624716
6223,2334.6067610133987
6224,1580.9423359496086
6225,817.4580343461462
6226,12987.614910047341
6227,2880.2719776571216
6228,777.5082632759359
6229,1734.8318402970194
6230,3669.825721527561
6231,534.3189494250696
6232,15479.27115364591
6233,2829.680875823534
6234,965.7731934540493
6235,14975.825943294749
6236,3481.3614541176935
6237,4409.546284798928
6238,669.4521930062119
6239,417.3628143382507
6240,4533.620468189251
6241,13212.135310664133
6242,4317.143268894107
6243,2449.1303736495365
6244,571.2933908852565
6245,1796.3757916163904
6246,2036.2084106370712
6247,8257.785821821988
6248,1209.5431181570525
6249,3035.755646133796
6250,6014.191416550657
6251,2448.105565576172
6252,8729.24990746177
6253,4252.355501206439
6254,1931.658346976306
6255,11022.06647879833
6256,457.427650583581
6257,813.7617323482532
6258,2183.5783860138245
6259,4445.453546296696
6260,5584.005593059818
6261,1753.9384718902065
6262,7456.744091426817
6263,702.3727348440193
6264,677.8088573168811
6265,3256.3936388474544
6266,823.5013080656518
6267,2530.6349079118663
6268,1175.6205175854002
6269,10995.59147691413
6270,2276.6149819587495
6271,634.9933580598681
6272,4956.284764950714
6273,1732.2948551143636
6274,1895.2469808940455
6275,738.050373010286
6276,5078.588186063983
6277,8176.806699677872
6278,11436.630750293334
6279,2820.943642157655
6280,3388.270675593644
6281,761.7246151925065
6282,1871.7516364396774
6283,7244.01680614097
6284,577.7707170411886
6285,961.9010595326667
6286,940.240819574431
6287,10535.582658587698
6288,16436.44402196927
6289,1364.0764707141075
6290,15073.800452946141
6291,1451.8472365336843
6292,4886.066994485659
6293,1799.008588545833
6294,13892.30930266129
6295,1892.886284649313
6296,5211.774889123003
6297,16320.817696124466
6298,3134.630745210681
6299,646.8807493111835
6300,3430.271666603515
6301,1521.264877601618
6302,12042.984557979236
6303,641.4477053525447
6304,1870.287568322518
6305,6796.308077839286
6306,2262.1287974456263
6307,4480.2021279937
6308,663.0140611798793
6309,3902.2369023958013
6310,2674.924717601837
6311,11675.418559443613
6312,11886.302067344586
6313,755.8779797550474
6314,1616.768726861308
6315,15010.042512232314
6316,727.7133803266347
6317,437.87828998927534
6318,7209.571082244531
6319,1153.147433189003
6320,7455.738675711288
6321,4964.930978184322
6322,825.6248844528222
6323,551.5257607358308
6324,6426.755804522786
6325,4421.584340503591
6326,1201.7181056669888
6327,6465.003540086513
6328,8577.881224761084
6329,750.8935499314343
6330,3032.406538818732
6331,1195.158735674956
6332,6736.0464358805075
6333,7673.697834216409
6334,12398.081285648992
6335,9388.64806316128
6336,6005.70329632672
6337,1849.0028255867528
6338,639.2221352566003
6339,5044.588073828087
6340,1349.2810564388537
6341,2635.430489613461
6342,14320.947970602427
6343,928.3706679893612
6344,5923.817055415155
6345,467.33659656614145
6346,1496.6092287101956
6347,7339.257516371999
6348,7221.73267159693
6349,2450.76786931703
6350,5133.019644637938
6351,3608.432362918418
6352,1887.9472431688914
6353,967.1217785520007
6354,1338.5401896040298
6355,980.6067163504154
6356,3026.220370864556
6357,2465.4843497785578
6358,1567.7503846210225
6359,2924.744599077485
6360,2066.0227377695405
6361,820.1475866482324
6362,1903.2294213553848
6363,1184.0237532409783
6364,642.7225006041058
6365,4097.874538237851
6366,4701.936128879296
6367,927.2370362886018
6368,576.2394017138749
6369,4569.749628847185
6370,5689.166940541139
6371,5512.329333955967
6372,9243.375835332994
6373,1839.6489739784338
6374,5577.39337829544
6375,6708.070309225915
6376,1354.8649679324699
6377,10669.491135286658
6378,6518.881713751365
6379,3192.8037258624295
6380,10257.818190697712
6381,650.1711951689963
6382,11851.321384418534
6383,523.5379610508089
6384,5014.250692703228
6385,4981.172799018232
6386,2117.3698805414556
6387,16607.87177975937
6388,685.5317597387966
6389,913.906979957464
6390,763.9130645704527
6391,651.9248908327572
6392,1716.1076697504204
6393,2814.7541592719413
6394,856.2008595506404
6395,474.60750702731866
6396,7129.937234943416
6397,915.8882503882542
6398,3218.458294562758
6399,8256.297883104518
6400,600.0275095293937
6401,15969.816946225968
6402,1425.1923093736145
6403,8832.66242390724
6404,3976.8513600721963
6405,771.0345718026028
6406,1880.4335430483961
6407,5556.095076189433
6408,5538.30500357815
6409,717.4987751671015
6410,2022.3158296763845
6411,6916.23344650433
6412,1615.3974543582244
6413,1861.6784989952703
6414,747.1820142308065
6415,16280.33593375228
6416,1355.9322884303615
6417,1083.9103838343713
6418,9985.024403828236
6419,4962.206881333617
6420,13299.8001019821
6421,673.7346336552273
6422,4191.717518044699
6423,1963.9532731962418
6424,1901.286474482747
6425,836.5378856229249
6426,1519.203465443717
6427,4398.322533360941
6428,914.0305000311719
6429,565.6402714769815
6430,1401.6750180101199
6431,7211.685737690857
6432,736.2063634664887
6433,6475.3095286175885
6434,10732.592904062785
6435,789.4108930615785
6436,2442.095058626308
6437,2064.1636616045107
6438,680.3891884627128
6439,2713.126263724001
6440,15518.363603699196
6441,4595.635474463523
6442,2079.390613287689
6443,2626.1140007001677
6444,1922.19462299187
6445,939.8575154855434
6446,1368.9409233092524
6447,12987.614910047341
6448,10463.349207782165
6449,558.5104687406711
6450,4594.952184564283
6451,2567.779640507889
6452,4337.337611661462
6453,456.55175505612715
6454,12505.433956199886
6455,7711.182549908826
6456,566.59261184457
6457,758.5671198294249
6458,1505.6801927653273
6459,771.3583731473086
6460,9926.892947511507
6461,10349.566431189398
6462,4898.612819520745
6463,724.099420309492
6464,816.1847092936864
6465,1144.843714040579
6466,3807.8105479318547
6467,8302.42955734696
6468,6397.921820155923
6469,4437.9017657518725
6470,661.7783664740637
6471,1047.4636820243368
6472,2185.631047942885
6473,2377.2832727107043
6474,354.46715422277066
6475,3369.9109294186683
6476,2385.9712390862223
6477,795.5456425616467
6478,6010.15637211069
6479,15496.793001316973
6480,756.4592669057961
6481,2575.9785066850454
6482,803.3552678538722
6483,648.3586590412956
6484,602.4125312677138
6485,1667.2602841845724
6486,2964.2892660093016
6487,943.1547715318525
6488,6797.968983288975
6489,12822.692758474248
6490,15278.167839805974
6491,6339.516724705223
6492,539.6398369750664
6493,12732.071612597061
6494,3090.673479684982
6495,525.0190915375633
6496,4409.885170337075
6497,626.5244110651133
6498,2307.929533084659
6499,6366.522537801782
6500,965.2785967575628
6501,894.7934772757794
6502,2051.54474603947
6503,854.9010976649233
6504,4790.386738062192
6505,7133.816710440982
6506,5366.422839177334
6507,7042.806632749353
6508,2906.2324161742745
6509,518.9452816936787
6510,1539.705126599858
6511,1608.864376854382
6512,2316.080464641278
6513,5355.232481940245
6514,3440.6667169843827
6515,15537.319741272819
6516,1376.1349087270423
6517,6482.992107593044
6518,5473.648213621835
6519,891.0367797794502
6520,17261.457285190503
6521,7048.803360101365
6522,580.4073964649956
6523,652.6406689627747
6524,9552.672557818185
6525,4204.158165970397
6526,7833.111576787724
6527,14700.012881647135
6528,957.4551950832433
6529,655.2286078099355
6530,634.4667716973722
6531,1372.398194943658
6532,8445.476740194563
6533,5468.134606719498
6534,3117.5868920702997
6535,737.7394618881071
6536,1486.6104325312526
6537,437.59197670916865
6538,1162.3688600768237
6539,4570.61457656491
6540,12696.706687563608
6541,1685.4625317136652
6542,11686.834529098202
6543,578.9844233729204
6544,12659.396604397669
6545,3977.577760053524
6546,914.9924690596295
6547,9311.314921467681
6548,2325.5246784980623
6549,863.8084849843754
6550,1564.207642921208
6551,602.403747604229
6552,16850.671722880317
6553,876.7054818585084
6554,1346.8793100536718
6555,1894.8566724486232
6556,792.5105755873974
6557,4920.618005185886
6558,5654.591066535587
6559,16909.077598431082
6560,3033.3512549140232
6561,10800.115733436713
6562,686.3209829375783
6563,1358.1203249050059
6564,4085.6854966859532
6565,2069.496264159756
6566,1768.2680608836881
6567,4863.476295927946
6568,1159.9378667585115
6569,666.896959324763
6570,5234.611266447677
6571,14094.636357232164
6572,12343.785623402615
6573,6786.398780856891
6574,1786.9083764684233
6575,4278.631229397095
6576,4352.630819846302
6577,9101.593192841668
6578,730.0466931010214
6579,1673.8751514069754
6580,1644.8378837300788
6581,656.3689212203576
6582,1616.6244722100741
6583,4191.449022228785
6584,1460.593477285679
6585,811.7801770570045
6586,4936.269511739989
6587,502.86287770614854
6588,597.6731494863761
6589,4439.95638893146
6590,445.61362535212083
6591,880.8355726714799
6592,5380.801356952797
6593,15800.459775284518
6594,15251.943070631994
6595,754.0193469384167
6596,2903.806237347053
6597,5512.706897399989
6598,13815.98693369894
6599,7773.028244848114
6600,817.171198614381
6601,4049.379393942573
6602,919.3283991109979
6603,3240.9918185390966
6604,2084.51285280113
6605,1039.3769776073054
6606,797.6073131580765
6607,1635.4266728999291
6608,1218.7412045771662
6609,857.0861737915498
6610,1167.2371211791933
6611,1435.7930370324957
6612,3413.727129517317
6613,940.9949608583102
6614,5461.430452482482
6615,3865.731571507318
6616,1333.2329572643162
6617,6160.348451620557
6618,13736.824239808879
6619,8870.806585620847
6620,16425.955289230802
6621,627.3682928202866
6622,776.0084245301186
6623,1224.6608252636543
6624,10453.26920770816
6625,2352.361272380921
6626,3325.3964523861855
6627,788.1985787510766
6628,4936.574843566388
6629,11682.128397773122
6630,13887.877108331992
6631,14556.924606108241
6632,2219.965177740143
6633,700.2859313766116
6634,484.6490386062487
6635,708.7422401369486
6636,1221.9359974811236
6637,2015.3679496143347
6638,10688.810013279373
6639,3621.8716356189157
6640,2597.2591118817136
6641,5611.351813312813
6642,2190.0857382414843
6643,5723.45428858134
6644,865.1287244924242
6645,4902.174668460305
6646,9371.57487560108
6647,1771.8163309590168
6648,755.650529149405
6649,5326.677704749397
6650,7158.827776339397
6651,1206.1040820263393
6652,2010.4506346054786
6653,4758.807039068425
6654,14545.561431652066
6655,7904.458668475851
6656,778.2809557060864
6657,5008.847520266296
6658,5526.905308995613
6659,2541.020084012441
6660,11061.597073333713
6661,2378.181578700275
6662,805.477928597455
6663,9322.7063019075
6664,5785.096869644128
6665,1876.7482927841565
6666,487.47360766280144
6667,12318.687330946901
6668,1778.6322042785173
6669,2942.9834443465525
6670,3381.211470968766
6671,6787.322364896165
6672,827.418010605068
6673,837.2230880495317
6674,6254.019313848399
6675,667.6806608548682
6676,806.5887984310843
6677,7008.595389886028
6678,803.23813362592
6679,3948.6775672683566
6680,12181.689870520651
6681,7124.651572399633
6682,1304.264790531055
6683,1865.9827536084313
6684,3671.783659039684
6685,4069.9976157046262
6686,4962.76542913944
6687,1710.697879443931
6688,2307.8145621200306
6689,2313.435393186268
6690,784.9357676029026
6691,3245.865127956945
6692,588.5685102133616
6693,5377.377166375844
6694,1451.6045034057843
6695,2576.4774750036504
6696,15747.295300822327
6697,15250.627693409017
6698,759.6744243771773
6699,721.9277739453582
6700,4703.259913574163
6701,3057.010311809679
6702,512.3301310528809
6703,879.452736158567
6704,14146.918012683094
6705,5002.575683164107
6706,672.5987193622
6707,685.8413868849057
6708,1757.9573381106807
6709,2351.7269891452415
6710,14897.600428403115
6711,817.9316523348466
6712,4196.853132617093
6713,2719.4930793435
6714,5249.69706904433
6715,5163.395721023778
6716,2410.6283462727324
6717,6515.780781213169
6718,2536.892896011686
6719,7152.324172233557
6720,985.259301470413
6721,2126.4266897106804
6722,495.78025552959934
6723,2101.0352821199913
6724,5797.012769505444
6725,2702.4599769848282
6726,1410.421078309711
6727,7915.946309889347
6728,422.89014807313197
6729,2763.003314962879
6730,2370.876862866008
6731,1202.381835639615
6732,1420.3198272751388
6733,2504.2567687527107
6734,5193.600564018807
6735,3034.2566736670988
6736,2583.823934867109
6737,512.0385620646039
6738,3099.5857007732275
6739,1681.265637152252
6740,2721.1683219822216
6741,506.6301248499926
6742,2843.9845567254797
6743,4974.126748788068
6744,521.0324194844661
6745,4828.616331431949
6746,664.0394631976551
6747,12367.127466643065
6748,2267.0737280307762
6749,723.8141040180253
6750,1640.961345284817
6751,641.6925059170167
6752,13789.143644986407
6753,3134.932311119816
6754,644.3000360371016
6755,1194.784335041351
6756,5831.384755258183
6757,6645.481886819402
6758,2557.68638141079
6759,6709.919539799864
6760,2951.4760173962336
6761,3753.589994228102
6762,5836.846569712745
6763,14580.597287743534
6764,729.0897103806619
6765,931.0077272079125
6766,2220.620893516335
6767,6419.7642634942085
6768,761.0633540428794
6769,7281.453407440276
6770,2307.401334905055
6771,5977.670313443543
6772,497.4094371876963
6773,912.212022007313
6774,660.0631307606718
6775,2002.952760311567
6776,6037.365556896528
6777,4930.230594392457
6778,395.2591179805381
6779,17212.15949980602
6780,1762.285839079144
6781,1456.490857759492
6782,828.4192046339313
6783,2880.5446479744564
6784,9744.704023133512
6785,4949.128991750065
6786,1035.5880237000842
6787,1001.178010233577
6788,4400.653450340673
6789,1284.9728326342392
6790,1293.2705088444645
6791,3691.3243102473825
6792,11244.297249740714
6793,1237.5651388605934
6794,2888.159512727413
6795,7066.142558141586
6796,7911.449762171607
6797,12493.56892304979
6798,842.413560628333
6799,584.1319518262062
6800,692.3752830400026
6801,2218.693923766464
6802,5016.462052384561
6803,2528.8259566752786
6804,2084.00888881428
6805,1731.2467202585362
6806,2007.2310252438494
6807,604.9432499038703
6808,642.7428404263419
6809,10728.529473283648
6810,796.2128342344968
6811,2122.2772775648073
6812,2761.9820460977335
6813,4178.844823958853
6814,578.0793079310733
6815,1915.8403722001326
6816,916.3305537274664
6817,501.0628326471242
6818,1006.0627105571707
6819,1120.0627023401453
6820,1661.138628451908
6821,8800.326218253062
6822,8127.94650800708
6823,5189.534457825766
6824,5704.532041001174
6825,698.5104595166854
6826,1150.604275746784
6827,878.0683100571346
6828,1246.1189402653904
6829,2177.5709372099845
6830,1160.616566989756
6831,770.0349676147025
6832,4258.174264121271
6833,9181.434313162252
6834,4157.523065185205
6835,9366.683391906896
6836,628.834770638714
6837,592.6063488429613
6838,844.0282443267606
6839,1145.0414800751328
6840,11799.04981292089
6841,1590.2391493487867
6842,2124.1105609192437
6843,5733.2356695306
6844,14620.147309532887
6845,2995.796175209475
6846,854.4152503476157
6847,5339.855026031433
6848,11323.905707188562
6849,3354.3157135784795
6850,8978.711410337668
6851,9656.18540973929
6852,4243.25442666217
6853,604.3647781932027
6854,3405.866995668241
6855,882.0149112074341
6856,3337.43811360382
6857,4495.81639193415
6858,782.9703213280495
6859,3795.142911830313
6860,3704.5432165984403
6861,6416.170124168442
6862,4006.561705194711
6863,3703.1471895896207
6864,6470.130673467089
6865,673.8845586614398
6866,1942.9792281213058
6867,896.1198093894131
6868,2409.48570523918
6869,9802.088240420278
6870,3677.521541758854
6871,1686.722821134843
6872,7319.070820716688
6873,2804.228320554034
6874,7353.512225582928
6875,13662.187044841296
6876,645.8046556700538
6877,3329.653034292741
6878,11557.035065780408
6879,3970.8815757176867
6880,4156.565493419321
6881,2087.9507521957858
6882,3492.5938297833604
6883,1404.5660245422914
6884,1907.3927495860175
6885,4662.640780896327
6886,780.7946919216092
6887,710.1935870130396
6888,1084.9179515091414
6889,547.0906711226494
6890,4795.3044000351065
6891,16275.22551793753
6892,691.0802078904799
6893,731.4377320983331
6894,3426.4838041719163
6895,602.4900840601445
6896,7826.319420077685
6897,6828.124787345264
6898,5984.332382105908
6899,1269.1848936412025
6900,715.4841984595969
6901,3273.380768756274
6902,3720.868802568125
6903,482.0619522410143
6904,678.7104471256371
6905,12867.623651230564
6906,918.2309431158419
6907,10290.748714384863
6908,4931.645841510348
6909,481.7328867691276
6910,9131.626523566443
6911,15738.459768806406
6912,3295.6002707498046
6913,8756.454480428354
6914,693.7573710115407
6915,911.1850967176947
6916,4865.049554540351
6917,696.2644378308482
6918,3811.663834944012
6919,2872.6598944616358
6920,5099.453429389733
6921,691.7135424217795
6922,659.9923062653315
6923,2461.7613950707796
6924,2101.6783048917914
6925,18119.373185533954
6926,1176.616678718217
6927,7243.499522207876
6928,583.3236250625473
6929,1823.6591726376719
6930,530.1831645827147
6931,714.8712189473408
6932,1152.0147813753406
6933,6984.9865618060885
6934,2803.1187220577776
6935,2960.968919597284
6936,15991.256881925347
6937,992.8415216282183
6938,2686.5693625762497
6939,916.0141537726895
6940,2880.468491467338
6941,678.6500543408638
6942,5194.527698350776
6943,11364.789449384465
6944,558.0150649091638
6945,11391.37906498758
6946,851.9372704023281
6947,1383.8214809746369
6948,851.4614985309454
6949,4633.298975409671
6950,3143.8211475645003
6951,1687.4837122647164
6952,8715.853205348472
6953,2305.1812124417925
6954,3978.488756425694
6955,851.0872119748356
6956,4964.606617242947
6957,9993.301226564734
6958,5011.8115334741
6959,821.5681604221809
6960,3505.4276805595437
6961,843.2173703603339
6962,569.1579228054043
6963,1525.3411714446174
6964,4326.740710520018
6965,12403.39584093713
6966,5174.485288695937
6967,16134.416083565602
6968,1108.4372928930038
6969,453.5367149191252
6970,833.4615974303788
6971,1082.2300070117367
6972,1592.2496247867593
6973,1710.2433814408182
6974,711.867729049442
6975,4117.595923856787
6976,14346.138369414108
6977,6709.192323472647
6978,4096.690338006462
6979,991.9226589204054
6980,3850.8274110570346
6981,11336.019995981187
6982,4981.420894469813
6983,5560.528423520998
6984,1776.0952332509091
6985,4506.289493310089
6986,845.7446518251418
6987,2005.0954809107013
6988,586.524173993957
6989,591.4129221480634
6990,2105.024728047921
6991,4136.826523120144
6992,1716.0079844579068
6993,559.1854957298178
6994,8694.105276234377
6995,611.9328422330759
6996,16895.631022696813
6997,1022.7999288548485
6998,1914.1313554681872
6999,3463.69042629376
7000,3182.1594234164277
7001,567.2813182779137
7002,523.7764760754576
7003,5878.346533537766
7004,873.4982872112846
7005,1332.6061551274183
7006,770.5359045315417
7007,6921.06203166484
7008,2628.9582645414903
7009,686.465977861716
7010,1082.1142375267327
7011,6608.084883525291
7012,2425.721689802611
7013,1259.1814942280434
7014,4562.958320009634
7015,3629.3131453086557
7016,987.4720878386524
7017,3416.223111037126
7018,4392.757673715094
7019,7651.26327109575
7020,818.480258172242
7021,11386.94492678459
7022,4814.488213616898
7023,5184.6900764033835
7024,770.2001443632284
7025,579.1945844850356
7026,867.8498751280622
7027,750.656058384609
7028,9659.529607272598
7029,11023.197772468804
7030,7682.974952764672
7031,6453.603609671669
7032,6589.031855848659
7033,5758.979100973607
7034,6104.000866481466
7035,9659.913059248265
7036,2757.63324454349
7037,1600.2103863414472
7038,5798.667113905813
7039,370.1362237903727
7040,7565.663171081676
7041,4161.78522713972
7042,4769.21280988263
7043,7262.601044040315
7044,1478.2616510313778
7045,3574.996877249275
7046,1439.9213926776365
7047,2835.064633502843
7048,1380.4371319450242
7049,2433.6864076404
7050,4124.912054249466
7051,1102.7400920086257
7052,897.4234021400207
7053,512.4539215845307
7054,489.627699008126
7055,5876.02927497227
7056,5205.10642494226
7057,1720.652862544985
7058,779.5380923913162
7059,1361.6031115759101
7060,337.47211792603775
7061,1843.8541651892433
7062,1670.8837190782833
7063,1247.2016638499035
7064,1307.9449883863217
7065,3104.931663606976
7066,544.4697167209129
7067,6537.8221068344665
7068,1513.4083601919
7069,666.9470680224567
7070,4649.787861224055
7071,1952.0655388273865
7072,1804.0035033038553
7073,6830.829737529326
7074,638.3636697677293
7075,713.4722946113507
7076,15887.008244367496
7077,10515.369014142285
7078,4244.653778177918
7079,1987.9697608323295
7080,2668.9730452308245
7081,782.499053782089
7082,12598.225871252926
7083,11162.717760401625
7084,4240.07809072134
7085,14027.441682287614
7086,602.798043081727
7087,2276.5797332412753
7088,1709.1460820676157
7089,12101.421542434104
7090,3601.913428046809
7091,4921.6055236901375
7092,1881.9921611739924
7093,4026.637206683634
7094,1340.3086369390921
7095,441.9669602749873
7096,1385.5767696934072
7097,15683.230966498404
7098,4280.442249998849
7099,1216.5488017042726
7100,3330.958931705628
7101,2804.882814786626
7102,3333.988207671628
7103,1504.004692884314
7104,2776.8354283482586
7105,1456.941344150618
7106,803.2779486948348
7107,5062.547609083346
7108,2776.5073807537174
7109,1124.4134384162694
7110,1826.6849495753922
7111,3973.313243075415
7112,6794.071408949743
7113,899.7668975317401
7114,943.1119300840642
7115,1818.224362377378
7116,885.2566008981626
7117,2907.84057089482
7118,801.8242254272081
7119,932.5391843172006
7120,3296.1515871286583
7121,8508.614674834635
7122,8302.21348989349
7123,4924.216437177993
7124,762.5169503007542
7125,3195.420870949428
7126,750.1687409620936
7127,728.7684264831328
7128,2040.9611127189366
7129,11707.335927858348
7130,6325.87223262354
7131,735.452045460117
7132,1551.4221743294843
7133,2599.696949558647
7134,694.7392555191227
7135,3626.8797637076486
7136,733.8277105239868
7137,773.6077112213288
7138,1830.2708014920095
7139,781.9036211075422
7140,1277.5811359696168
7141,6978.322229381543
7142,6481.763056912732
7143,625.1039274990544
7144,1256.4687917663637
7145,2781.842307889937
7146,526.13060652393
7147,970.7413025752735
7148,15626.188786602132
7149,5387.191446855097
7150,14911.852615403679
7151,2443.995996654813
7152,1027.0427887058822
7153,6909.247123405321
7154,12751.615959602219
7155,572.1096436475732
7156,720.5830785889707
7157,5306.869512237998
7158,5073.2090377155355
7159,6981.273366796246
7160,748.0882651873189
7161,10941.882054836584
7162,6353.593720584972
7163,2561.3533377335243
7164,826.2154869948845
7165,1822.540797663407
7166,3293.647414237602
7167,6128.753571047787
7168,835.3494333695885
7169,7887.749990410248
7170,2284.466244333832
7171,2638.572339211105
7172,651.7709459978219
7173,1909.0948900665921
7174,4332.127861411989
7175,2210.299638459235
7176,545.681079495233
7177,7162.881161534306
7178,16408.132989859485
7179,4426.33266564002
7180,2030.9736070587983
7181,2738.2703990750683
7182,1630.6849114908682
7183,4498.992783162057
7184,841.9782025476884
7185,1109.0744684997758
7186,1440.6973152612218
7187,9528.466866580042
7188,11199.421392462196
7189,621.4743568177855
7190,7143.56464514463
7191,913.2063673644052
7192,2259.5109124037244
7193,1267.018237950409
7194,742.3434838525959
7195,1258.1370276533685
7196,1544.778689320105
7197,5212.404166911217
7198,12075.619725352499
7199,648.242364953936
7200,820.9402784661415
7201,680.1018917016759
7202,4415.8360847276745
7203,666.8056591781665
7204,2825.9143722461113
7205,4824.445360700948
7206,681.0349385470477
7207,770.3748766537556
7208,481.04474438040006
7209,1761.939014092603
7210,497.42111159644855
7211,3154.5758198068224
7212,3214.617326624879
7213,13998.690648440921
7214,4301.388107355305
7215,7116.383651084654
7216,1386.190854363368
7217,2727.12032037291
7218,4505.292457834279
7219,1572.1809611898866
7220,4054.5702442024212
7221,5528.301415736474
7222,6736.081156680277
7223,508.8579143959055
7224,768.9015260771671
7225,15124.722613843604
7226,1721.0836980669183
7227,1691.7747330214602
7228,2720.5320724889552
7229,512.7500486760027
7230,3280.0055270032112
7231,720.9673571766793
7232,1080.5057053618843
7233,463.63064576577244
7234,772.6166964592812
7235,1130.2590400863996
7236,936.5633134274058
7237,516.0430982519074
7238,3735.472650287535
7239,2787.943207805275
7240,11255.796334653773
7241,1020.7070369714143
7242,853.1905683131322
7243,3636.2546581656143
7244,813.283592377974
7245,648.2259490665392
7246,3454.84325347615
7247,738.5834029929847
7248,2128.159906279271
7249,1763.2436639603234
7250,4032.1903341789694
7251,4844.899471788528
7252,2515.9014830696533
7253,767.841155272818
7254,9585.591079452894
7255,483.9308513894266
7256,757.9689448227837
7257,7492.108053242221
7258,856.2194397953531
7259,2753.234929939661
7260,3098.6225958312803
7261,16249.096865948857
7262,601.3204113570396
7263,3082.825883170979
7264,921.4604325739429
7265,1106.7209184074236
7266,943.6949816231663
7267,359.81169103316415
7268,12003.15881782075
7269,11092.422366750754
7270,6219.517926538523
7271,14216.048165030494
7272,4184.590389735866
7273,1326.651423711619
7274,1902.3225891863472
7275,5724.763460964253
7276,1221.7027212799694
7277,4504.434397758781
7278,785.3067369482392
7279,775.0507836617217
7280,1639.3138796760522
7281,4005.4238281667426
7282,8331.821844526019
7283,13946.373964464394
7284,3953.363765999606
7285,8377.347553676658
7286,4301.99163414232
7287,791.4455674227665
7288,5830.362781102167
7289,895.2647343787962
7290,8883.80072515329
7291,3326.5511750683654
7292,782.591335825713
7293,505.1288177699166
7294,1452.3011656556077
7295,506.83188427387495
7296,6528.7607205379445
7297,890.4264809954075
7298,1088.7144383345967
7299,406.9555690657885
7300,820.4118789378563
7301,4224.459172230353
7302,1326.9965896353688
7303,7658.129840072785
7304,5845.321352322773
7305,3013.559020647871
7306,488.7659789613099
7307,3062.1535183631618
7308,4701.511804491446
7309,391.40778236072583
7310,4418.8471629999685
7311,16101.078474509313
7312,8550.802577555662
7313,3610.569958113591
7314,1659.5999897746915
7315,865.127544607622
7316,768.005630155149
7317,960.5982290229231
7318,519.767753358492
7319,520.2509014468446
7320,988.9516507239696
7321,2301.4617551113697
7322,6907.1020649265065
7323,15998.581400128714
7324,1239.8682243682638
7325,844.1155246213598
7326,934.3558643817664
7327,14796.690414625089
7328,6488.87375239659
7329,14015.762614088164
7330,5770.184512808379
7331,1916.816154675251
7332,3099.7427442321127
7333,3892.4737437702893
7334,4228.893116561585
7335,932.3603879890175
7336,4490.488061856739
7337,691.6141333043074
7338,3810.2572860693363
7339,851.9547996057777
7340,1803.0074755690662
7341,817.284134887288
7342,693.1078463264466
7343,9709.354275821099
7344,874.901695754822
7345,6817.894622953561
7346,7511.078826743584
7347,14619.286863770832
7348,680.1720467641517
7349,1426.1898048765997
7350,682.0299736932529
7351,1461.8891963353885
7352,7853.167408313306
7353,711.7582505319824
7354,821.1046879442015
7355,2583.997190642024
7356,637.0313893307834
7357,7497.416068798799
7358,702.9484894556035
7359,4361.999817256583
7360,1708.2719991203426
7361,374.34350128033384
7362,3385.112800573795
7363,4119.619034599077
7364,1105.5469207346587
7365,775.601361191314
7366,2437.483929363171
7367,4243.870356916728
7368,6114.439145754304
7369,7210.85552049921
7370,2182.6116674492787
7371,4719.37689096931
7372,12803.947883442886
7373,10612.339069490576
7374,3922.2806457532497
7375,6710.476157501801
7376,5325.774933884851
7377,2664.6683622423925
7378,558.4080944598968
7379,7614.263993782309
7380,788.4074951802154
7381,449.8272561500344
7382,1689.7668790385765
7383,15329.275699050622
7384,5070.315991001786
7385,743.6072804076443
7386,7153.878716878868
7387,596.7540616332876
7388,5350.012861594365
7389,819.732578084007
7390,4208.4222979390715
7391,6907.12946350622
7392,1361.7011083528778
7393,2507.5107750880134
7394,17006.843988905268
7395,5767.74747157825
7396,5216.364452872789
7397,16811.331447100085
7398,6273.997891776084
7399,1669.5793827318948
7400,15513.505571454158
7401,1618.129846729029
7402,1897.904735271256
7403,754.2407351237271
7404,5181.181118717603
7405,2026.0093704239948
7406,1746.5403027247676
7407,2550.1501172807148
7408,2442.6456390951416
7409,884.0416534444221
7410,7161.837319210416
7411,13889.938207562851
7412,816.0923852068076
7413,1210.810881177475
7414,1109.1728469941281
7415,1682.2117136546995
7416,2980.521572730552
7417,6992.331802675055
7418,3109.097140815638
7419,1720.4723807044516
7420,6064.905707939374
7421,3633.510519153616
7422,724.894794407804
7423,1914.2518089191478
7424,4820.656589569818
7425,5745.895917095082
7426,1680.6148935657739
7427,970.5735827666749
7428,4416.455861034366
7429,5228.505722883729
7430,1215.2128243789111
7431,1661.267785969073
7432,5098.815332666607
7433,9050.97134307574
7434,6660.261203844535
7435,798.0878070223375
7436,769.3113580788399
7437,15614.263399502997
7438,7126.024744202154
7439,900.3952940070694
7440,4993.040877213671
7441,899.5753153201476
7442,308.20209993093295
7443,990.7473563807139
7444,1903.835488115538
7445,1996.602852649537
7446,13789.807202779417
7447,15651.271125699686
7448,652.3186681236057
7449,5865.602019669931
7450,4376.049213531311
7451,1876.3309095122154
7452,2300.363499580034
7453,455.333681668415
7454,4689.033227229846
7455,608.9491232579326
7456,2094.886849988695
7457,846.9697556233409
7458,4771.802113746542
7459,484.35505562232174
7460,7910.93600833815
7461,8759.799238146607
7462,13093.698559628076
7463,2548.605168248685
7464,691.4872700249416
7465,11745.152256569374
7466,551.6299535852545
7467,3378.766732281001
7468,2031.3019721414698
7469,6320.3079563797455
7470,4793.420895012576
7471,1541.4137638692555
7472,1058.389462676244
7473,5957.0946143959045
7474,15269.78380196729
7475,1052.4765189531113
7476,3895.4998640377435
7477,10661.525451860514
7478,4209.692593403647
7479,1940.515959252355
7480,2499.916133704495
7481,1961.2870861055844
7482,5619.936853283958
7483,807.2483784094925
7484,14941.199225011138
7485,1066.248779704224
7486,5258.675129858831
7487,2503.517546505413
7488,6985.570014109104
7489,9529.67278509503
7490,1200.2682066736702
7491,603.0023861104137
7492,7233.432934009681
7493,1968.9603347722843
7494,575.8941069121001
7495,655.0808974499705
7496,2446.536342537591
7497,855.4865187991431
7498,683.1937058427206
7499,5190.034824863082
7500,3811.179013906005
7501,7129.606856639018
7502,1130.3360194720212
7503,911.9621739638778
7504,570.520229224619
7505,16221.566736415063
7506,6168.328948432999
7507,15633.973288108387
7508,5500.225106016623
7509,2137.463838989037
7510,1131.7155071123275
7511,1936.614687214257
7512,1439.0207286326663
7513,11110.217604816258
7514,4667.041616030278
7515,1525.9432372621923
7516,2072.8561250240214
7517,6858.049887469766
7518,461.1779047658579
7519,1710.8258858764716
7520,8620.026810524572
7521,4201.11442613279
7522,532.0188597657452
7523,633.0295349733792
7524,1494.1075230259648
7525,657.4057473110493
7526,4534.469903934398
7527,611.2025127613747
7528,4801.311059491178
7529,5381.490386069737
7530,4955.767537180708
7531,7903.023800890074
7532,12433.240393222592
7533,1306.6116703167309
7534,2241.9515017751482
7535,5005.041915340081
7536,1733.6114911630602
7537,4948.762842579449
7538,1529.7754825216334
7539,5211.861433237547
7540,7505.53517943637
7541,580.8143719760783
7542,386.0050647600028
7543,753.9932755929303
7544,3965.7512533115614
7545,4635.650355527833
7546,1145.6528336515557
7547,586.9686183683652
7548,604.7132834226759
7549,834.5950877925543
7550,2540.4866377984954
7551,1010.63512518179
7552,3096.3568318514367
7553,2345.7608418669925
7554,3337.263140203032
7555,3412.6143760850982
7556,993.8335810193639
7557,14209.947045802302
7558,5192.728766227734
7559,8420.163347725229
7560,7539.9949043508805
7561,853.1161152876284
7562,3322.1100221789147
7563,587.0427217989718
7564,8876.007020162935
7565,693.8152933670926
7566,940.3598240710407
7567,7426.45483373513
7568,4606.685055899627
7569,6133.099149133273
7570,649.4225683852364
7571,1599.4448111076613
7572,6980.292481774594
7573,398.7465198364848
7574,6622.394092220433
7575,972.2276487953563
7576,369.68514382946205
7577,1891.7159699512922
7578,1691.7066220605525
7579,5901.901141980249
7580,984.4778051962162
7581,9726.098829383758
7582,4810.13669432964
7583,3517.7229965883294
7584,882.5347689990995
7585,5415.466739475694
7586,452.281799700741
7587,1004.8078846202893
7588,12013.55768194551
7589,793.3237643358643
7590,886.7684477066614
7591,4017.577603481532
7592,2856.01532952947
7593,8131.456157489702
7594,2658.6156869831257
7595,2925.7916114701206
7596,1541.1258049799853
7597,754.3568993995277
7598,4457.7205400119165
7599,892.0358662868844
7600,5895.632885701176
7601,680.9391577364195
7602,1294.2187039283845
7603,15013.041834598747
7604,2872.650842025074
7605,483.0561830816555
7606,499.15525962773245
7607,5520.321850754341
7608,1445.2712911784934
7609,753.6853797800168
7610,4160.85639953248
7611,8148.493119325439
7612,5703.092666137743
7613,1299.852580060438
7614,4544.143647421184
7615,8193.364119920814
7616,3723.0818884596465
7617,822.5785574884776
7618,4066.3111168193677
7619,4564.582119508297
7620,5668.374945489536
7621,2567.271963845563
7622,469.3516985942101
7623,1703.4799890956865
7624,657.1875979176384
7625,520.9628501356106
7626,4748.480790915182
7627,4692.829008727156
7628,8856.028777766998
7629,1662.098973268035
7630,641.9683004947206
7631,824.842227450858
7632,1718.7567887803998
7633,10692.653605240446
7634,2584.0351383063917
7635,1056.1746613976602
7636,2781.1655756310543
7637,15472.04446516197
7638,723.5169139201521
7639,5473.3274434088235
7640,1437.3299812471068
7641,3417.166289431004
7642,1529.9521532048725
7643,498.25785111665846
7644,5960.815807450968
7645,8703.220316225508
7646,1424.225175419273
7647,516.7362083762164
7648,3191.854238140394
7649,1076.7281622789305
7650,5010.170303605508
7651,3948.808324033903
7652,3760.105787522905
7653,10792.140742346633
7654,772.9969627400073
7655,2531.6574802318682
7656,4343.093131048772
7657,15374.341061268447
7658,15794.384551247402
7659,7072.274546001234
7660,3678.7809081656455
7661,2326.615239545438
7662,4111.235216158956
7663,6771.434927153032
7664,1005.27671990204
7665,12868.675403581214
7666,841.7863689618803
7667,893.4543581997327
7668,4537.804879567917
7669,2064.266665599932
7670,4878.914137520975
7671,3677.8010891324107
7672,2086.539705602205
7673,1161.7772813963197
7674,1165.8847333233903
7675,791.5705356845742
7676,868.0901061110194
7677,1702.6142818831086
7678,1849.0985018206047
7679,3142.3259154635243
7680,8072.4904935301365
7681,2248.84588963434
7682,13933.003215741912
7683,3506.300666855008
7684,858.6727507981814
7685,842.2348168434446
7686,14612.089211905071
7687,2980.5978527163984
7688,2605.902608466783
7689,3470.1093523841473
7690,5897.014933269893
7691,1001.5378033205493
7692,1953.6914913859698
7693,505.10166420958785
7694,13503.479694106723
7695,4860.785074984571
7696,718.7665454250041
7697,4044.3360948613763
7698,607.4378274684286
7699,15408.887998157188
7700,637.141706590925
7701,1877.7212069272773
7702,7862.614337159389
7703,1129.3292874076378
7704,1797.5715381993846
7705,3056.924933198633
7706,4323.7659561020555
7707,2141.656877651235
7708,6286.959486113687
7709,1048.0874236036366
7710,743.0719951303622
7711,15555.420217964433
7712,2458.616550638211
7713,825.3523653907232
7714,7875.943927798277
7715,2155.6889732619684
7716,5347.138390496
7717,925.5236372314776
7718,1476.9505742376068
7719,1498.724105409367
7720,2661.6253243798333
7721,3866.0747936785137
7722,780.8087307696951
7723,7601.637540739838
7724,768.4311691567677
7725,4826.085485270698
7726,2685.61179986141
7727,5171.89459369638
7728,4159.122669518694
7729,16319.95851902832
7730,9237.605684525819
7731,786.9203441384329
7732,3407.6901827479446
7733,604.1707245095349
7734,821.1727483959644
7735,6122.874281700106
7736,699.8526167223899
7737,11990.830055522527
7738,985.8677611831927
7739,2109.385586570893
7740,2241.0342049180854
7741,694.1649607600402
7742,1200.5000828686789
7743,3530.890631801177
7744,6150.93388498019
7745,11640.045298423525
7746,883.857458490676
7747,2634.3913892728438
7748,615.4568233586415
7749,457.24298231910234
7750,1094.1571340127994
7751,718.465942517154
7752,6895.975979215116
7753,3108.8116339349817
7754,4469.056797302059
7755,1262.6709393564224
7756,6596.364265918679
7757,981.6018088461742
7758,13898.939945355525
7759,453.4941509268847
7760,883.2964732229766
7761,11346.305174460054
7762,1544.3806526982116
7763,1067.3237781429143
7764,1379.1122476888004
7765,388.26262655864366
7766,2232.1847240299658
7767,1345.2775303801986
7768,2888.690880854336
7769,3614.6076386787922
7770,619.0801712647071
7771,482.5692423831647
7772,9253.719960654043
7773,5651.92846710266
7774,11835.436297163173
7775,925.8886450527975
7776,1262.1523760421446
7777,1613.3352261845503
7778,3932.5993566436264
7779,5082.18834225346
7780,957.4478761973746
7781,412.55957490279025
7782,906.1267501923644
7783,11042.346660326366
7784,4419.949533633941
7785,6870.556920477784
7786,665.8197076407123
7787,6613.4603002490185
7788,2229.3155384743304
7789,4910.516697138346
7790,857.4856656559919
7791,4152.348301107728
7792,8579.38774347286
7793,2311.4667632130477
7794,937.9832772514246
7795,5375.783666140868
7796,456.4197843054935
7797,2514.405045318911
7798,1745.3773609307864
7799,9883.532953009142
7800,1024.5517461787654
7801,683.4398389646053
7802,1310.0120202815997
7803,1337.7443023646306
7804,556.8777961174151
7805,2835.058374879155
7806,748.3430377659561
7807,3382.896054252588
7808,2090.362252265362
7809,5224.228503499056
7810,1582.0304136861114
7811,634.3340584266857
7812,2855.5617172745533
7813,16589.593424116603
7814,3947.378132735321
7815,1513.5500023096101
7816,5519.325919822987
7817,3131.47196230188
7818,4003.145505171402
7819,1776.4175592726024
7820,3752.2620490123545
7821,1516.5679051987972
7822,5346.650741501406
7823,16151.257961468535
7824,3887.626555320943
7825,10923.624049396782
7826,525.045236447836
7827,5617.2221073289675
7828,2741.229607244035
7829,1881.4281191525452
7830,4839.5640833568295
7831,1985.2291359721287
7832,4564.864736038153
7833,13046.771476363298
7834,15077.749592813921
7835,7070.916677408003
7836,2828.514995622387
7837,7498.203116153196
7838,10212.640559457293
7839,11374.766443357586
7840,538.4171788776248
7841,5515.868801915263
7842,2050.681162314111
7843,1193.2697947881047
7844,5753.274757337786
7845,1707.9800616709658
7846,3233.7668903393214
7847,2076.3126464329043
7848,5359.683278519589
7849,1772.0963516320157
7850,4599.0264824639835
7851,7163.483259838147
7852,13027.823409343571
7853,750.0659920170197
7854,2130.3952835242626
7855,1507.3523617781461
7856,13955.13432764748
7857,7129.719442254158
7858,6161.572457442102
7859,2392.6382096834677
7860,2455.9379652032912
7861,1489.0632455830396
7862,2180.943113442889
7863,4492.764884329445
7864,11582.145701840302
7865,1024.981395964698
7866,10191.666797104974
7867,1590.6286885257837
7868,2223.4877038644495
7869,5864.953727191012
7870,5912.378106309655
7871,3713.86512198459
7872,839.8177457623265
7873,751.952937550066
7874,1213.322509046087
7875,860.4699521168418
7876,406.74232949360885
7877,922.1713468413568
7878,3602.193235637282
7879,13136.43678522772
7880,1061.6707313219008
7881,2036.797526346704
7882,11826.829207405484
7883,5808.435973163023
7884,2612.8284072167553
7885,6014.495971557459
7886,665.0654204330995
7887,727.5045831486655
7888,1028.367078283727
7889,1320.9641559462448
7890,3692.550865071523
7891,9421.174116232476
7892,887.1092895324146
7893,17335.1862139225
7894,4100.091240180181
7895,6293.69837169692
7896,1014.9616195055482
7897,1615.1559501472088
7898,9838.500828483071
7899,11618.551357789314
7900,14610.717345339446
7901,1563.36367528161
7902,9596.64128363235
7903,1465.0974275189947
7904,1933.8581307127854
7905,445.4673774812918
7906,2366.8553050651026
7907,513.2141602489824
7908,725.2853662187267
7909,1323.0242348062584
7910,794.5120420681837
7911,2838.7030748740262
7912,833.4971726679796
7913,9691.670312062255
7914,4753.123769178659
7915,15803.463072544826
7916,1127.1471391016307
7917,10152.662091701575
7918,11011.262127923503
7919,1927.5236451638623
7920,3998.8905691951063
7921,1129.3301948351836
7922,1957.0642112392368
7923,10921.61703657333
7924,3798.8267682720066
7925,9209.465799228688
7926,4302.035477461971
7927,6012.455024130903
7928,9904.425435655983
7929,2562.5184628742045
7930,3428.064301225489
7931,2262.6431978131377
7932,11944.393450876596
7933,3887.985828863492
7934,3915.848554305767
7935,798.5292455186236
7936,3255.02995766264
7937,7647.794047404931
7938,5450.715185418543
7939,3398.3366124716836
7940,810.1740420839337
7941,14506.719986564622
7942,952.1893181744053
7943,2541.771165652696
7944,3516.3161140971433
7945,720.4605950854602
7946,704.9322652780052
7947,785.6360089949421
7948,869.0131166814795
7949,6700.39905755257
7950,2902.155591595503
7951,1399.0496142707966
7952,3648.740806802274
7953,6018.454541339126
7954,2822.4729523560472
7955,880.537057750129
7956,7809.319158772612
7957,869.422167902354
7958,788.7305270008264
7959,815.7619637607672
7960,1012.5149375579526
7961,2441.910717244765
7962,1312.2227198545484
7963,2685.0557474287652
7964,802.3981856747373
7965,1651.6234170207513
7966,10901.249237410086
7967,3374.5179231121783
7968,1609.6704587321838
7969,486.1152265361675
7970,2224.8778179909814
7971,2653.7457450858055
7972,1248.393872965837
7973,761.2753395641203
7974,5796.636361837489
7975,481.32380822158757
7976,516.0589951585735
7977,4643.799149629949
7978,2037.0395884543811
7979,753.5366687191126
7980,2468.876643513251
7981,4226.691701934402
7982,9968.588524226547
7983,500.10965862066496
7984,591.9700244782871
7985,2116.016152844775
7986,813.0163809900428
7987,1074.0419377542162
7988,7349.929278224838
7989,1989.6547926796752
7990,809.8909592823666
7991,977.668221538368
7992,717.9265181024462
7993,4800.278432592235
7994,3829.3282538063304
7995,4536.59749380348
7996,15255.388962010955
7997,17915.84788160316
7998,7694.407214264596
7999,621.0476261548542
8000,12566.802626762921
8001,878.2543647082334
8002,5284.88392147127
8003,1544.1047358297142
8004,727.054723672084
8005,11204.262130819978
8006,5368.494796769567
8007,2344.17360760293
8008,3339.2418591077453
8009,2221.0280171557038
8010,799.1562002352748
8011,2472.7914159693737
8012,400.7336099631284
8013,1111.9803577731186
8014,4624.265675069079
8015,1648.5239536282734
8016,6527.612623008641
8017,2514.805150697628
8018,811.0414321994872
8019,5638.363144812589
8020,994.9212279419789
8021,2375.733228858394
8022,15308.80813584854
8023,3385.4157216823555
8024,1632.1987676650492
8025,387.37724336826614
8026,4193.122455235296
8027,1744.6218448005093
8028,2286.3497036822964
8029,2483.1421332907157
8030,4822.710648240914
8031,2624.2502712500573
8032,646.8052302805718
8033,2211.32585040965
8034,2346.6831338053416
8035,8881.458009536058
8036,1828.8397456493358
8037,15989.417413705285
8038,4869.712402004263
8039,5006.46943639516
8040,749.9197775213065
8041,1623.10873179187
8042,607.1720611062606
8043,4496.282217824631
8044,6429.895011850369
8045,14130.407738869417
8046,2079.666609033464
8047,5121.922284266613
8048,995.1688252467125
8049,994.0021933059711
8050,493.17571535510933
8051,4448.221889637253
8052,1386.4263160164187
8053,13897.765665616336
8054,6646.320702914247
8055,9952.914304160808
8056,2479.7441706447808
8057,1441.479263527951
8058,7226.020797621097
8059,4124.90474540398
8060,1846.8246891628542
8061,14538.034197027438
8062,5648.059879170083
8063,4157.099435186194
8064,9955.20362777821
8065,9172.0801407847
8066,844.3780155223349
8067,4877.882963905844
8068,2680.721067510662
8069,1667.3363563798835
8070,4518.994953918879
8071,761.8520013196162
8072,4323.1512629287145
8073,2698.710457711343
8074,776.4808216301676
8075,14023.717847619253
8076,1697.0357855699763
8077,1959.1332942357144
8078,3198.056386598771
8079,17445.43997971795
8080,3504.690955606039
8081,582.0656372531921
8082,5973.405585886883
8083,965.1266627224886
8084,6462.067222578946
8085,3178.735003400654
8086,1073.7372835345623
8087,1659.627644305414
8088,606.8191992441252
8089,710.477313730466
8090,374.2357010782471
8091,5772.6936669323195
8092,665.8676518138445
8093,993.0381705448322
8094,1307.1514654796456
8095,773.0464714397654
8096,3525.0980071883164
8097,12526.104118887924
8098,16531.040813279633
8099,13282.584363052754
8100,602.0246718919325
8101,13536.835598386631
8102,5235.733322062944
8103,754.7078004224409
8104,1265.7363681330353
8105,1156.1976520873
8106,1517.2730436648735
8107,2060.7192287077596
8108,1735.2567713438543
8109,1537.996900474628
8110,9934.683727888389
8111,2975.8508343747253
8112,2805.334312507628
8113,665.5088624124019
8114,18229.549734669883
8115,507.9435344415929
8116,9354.566799884633
8117,737.8863031546243
8118,921.6182642387212
8119,6505.291723340248
8120,4294.233780296005
8121,12181.002456175382
8122,924.4293848647103
8123,8064.5363669358085
8124,5827.244507115603
8125,1681.0653852204778
8126,531.3458691515984
8127,685.6514951965005
8128,784.7692384206807
8129,4349.5596955097035
8130,3859.817701713258
8131,861.4205822578738
8132,1202.4072408754214
8133,2114.4027441627595
8134,4634.423985746233
8135,740.403018040121
8136,1775.6677490106817
8137,3351.5509505242526
8138,2295.9383114937336
8139,1633.678686830362
8140,583.3876778904969
8141,4420.174306165508
8142,627.5001777155367
8143,1469.8534076361257
8144,1866.9549480162623
8145,15944.974287828345
8146,2299.6869804101775
8147,607.8099845854131
8148,995.9713309312151
8149,1007.4067926233752
8150,706.7225266280107
8151,881.592918737098
8152,11098.209388260511
8153,1704.7830807664586
8154,7040.588464423429
8155,1271.7796356090616
8156,1273.7526006535677
8157,711.4132118212201
8158,2545.3053989421305
8159,4602.241658270294
8160,11745.623516801672
8161,807.6506728238064
8162,8306.024825478478
8163,1301.0853666755097
8164,4561.265721126311
8165,2891.1065132236886
8166,9781.800385598319
8167,6667.838712198678
8168,5199.440082636325
8169,10477.031184824165
8170,2922.995533749833
8171,4184.047937474275
8172,904.8203298812582
8173,1329.9057929507444
8174,430.6390334416119
8175,732.2157270510625
8176,12022.063543511764
8177,2852.7232987046063
8178,2362.9524155413237
8179,2286.36961402372
8180,2897.885563794418
8181,1083.229829812089
8182,10441.035461716758
8183,3351.8958888447264
8184,13090.848128803958
8185,706.7507283446271
8186,9466.062682040694
8187,8195.723259766373
8188,493.18871223103133
8189,4501.141973620143
8190,885.0475122678367
8191,2610.1689013819364
8192,10866.914358223059
8193,3048.073259569133
8194,1057.290463005354
8195,11620.616909477649
8196,524.7957043569363
8197,5056.328501543091
8198,1995.9841049085753
8199,15287.228733381786
8200,548.3550193431556
8201,4989.204911629849
8202,5165.257784513713
8203,3730.850411908818
8204,568.3479748563045
8205,552.6022276775784
8206,1097.8866054247183
8207,1988.4726939667166
8208,898.2454290730666
8209,1380.5633580961617
8210,13245.123747962258
8211,4761.25757246125
8212,4575.709815763436
8213,778.9600136461113
8214,1534.0255467270863
8215,475.54497278916597
8216,1555.0307962548986
8217,679.2273466381976
8218,7139.437593719286
8219,1695.1889646712684
8220,5020.84313674847
8221,2041.2010882431155
8222,6488.482055892733
8223,4088.0717861229455
8224,2321.5220611739114
8225,913.8124817292642
8226,2328.354639957648
8227,844.413081900821
8228,417.39686418415477
8229,735.8347396157178
8230,5069.023977111571
8231,5605.019404623214
8232,702.8110102912924
8233,12487.382366349028
8234,3442.1713055859905
8235,1783.7723631329432
8236,3644.801143330051
8237,5400.704017022921
8238,1747.6107650232493
8239,3972.5525054035234
8240,4353.941698796234
8241,4050.6596071588265
8242,8173.8839493581145
8243,541.0757511482957
8244,15508.71603712805
8245,850.8181244648395
8246,8493.794224231668
8247,15786.474328967577
8248,932.1877936533797
8249,3756.797289003822
8250,7076.699652443974
8251,5126.335206064954
8252,785.4217877284659
8253,4035.318122491562
8254,16146.255007714914
8255,5836.208501992182
8256,726.8576068865427
8257,7827.488626624448
8258,3196.2051669796683
8259,715.8338634039351
8260,783.8381352238507
8261,1425.1988190691245
8262,809.8909012530862
8263,1619.0767356644606
8264,729.3617420618752
8265,543.9653718051545
8266,4123.96696529499
8267,5179.996030970647
8268,2882.940545548906
8269,3164.710766294572
8270,2590.975481973007
8271,1102.6709440096706
8272,7000.215695547569
8273,6913.390685509126
8274,4720.478782975028
8275,4237.279245075296
8276,2079.827127728468
8277,503.05974343405296
8278,7945.312276972903
8279,2350.559380767701
8280,18293.542476725568
8281,889.4505359127038
8282,3024.9869292178128
8283,2021.2964880192312
8284,606.4965112924178
8285,2306.364934139727
8286,5133.659016331747
8287,679.7372299887797
8288,1953.7964653145154
8289,603.1948547791444
8290,3041.168270015494
8291,6251.516106523943
8292,669.2684811916397
8293,2639.3619094607748
8294,7131.933848231461
8295,3921.3615016598196
8296,1373.8126327797509
8297,3414.928822298409
8298,14907.490739948285
8299,428.0926332972904
8300,2255.9043076872936
8301,899.457461014124
8302,9193.70984778068
8303,5296.724341296499
8304,545.141915783146
8305,5251.68842136641
8306,4539.001660540938
8307,931.2111014564389
8308,770.4580907373324
8309,883.4201018259805
8310,606.6804577962007
8311,807.1297465768193
8312,8721.744857283102
8313,2446.101297254194
8314,988.5038884007099
8315,990.3329915939667
8316,684.5440318266915
8317,782.3851103065904
8318,5435.316496098288
8319,2285.5114185183793
8320,905.2112600121491
8321,5463.465401023358
8322,684.2021800937714
8323,5271.169598854734
8324,3004.7150673020324
8325,1110.1077116767624
8326,1350.2539824315072
8327,719.098751878169
8328,778.9499566081558
8329,2051.3401367182532
8330,874.2200605535563
8331,1315.3919644661564
8332,749.6187398640468
8333,2731.784225151234
8334,5828.811687917681
8335,8422.639157596379
8336,1146.1379791150425
8337,5114.861196932138
8338,3684.8934412914564
8339,3042.109991274581
8340,3348.3905249708146
8341,740.0927256412269
8342,2003.2900887380868
8343,3273.5396267193855
8344,1699.0653691602083
8345,3463.348366228863
8346,3366.608457814147
8347,2873.6409068042462
8348,15766.898990811489
8349,5218.414017142295
8350,891.2444981308063
8351,2257.467306942347
8352,5430.084675772059
8353,774.000350308901
8354,1545.915382723028
8355,17977.829842319683
8356,722.9051864222565
8357,4648.3223816182735
8358,11730.79777205084
8359,642.5533589502247
8360,2354.2912721920047
8361,1086.7347638053302
8362,918.8274985251446
8363,14599.07195978977
8364,5090.958423637549
8365,648.1830809312205
8366,11006.645392389764
8367,4847.865293105835
8368,989.5592200888032
8369,8953.519452797327
8370,5353.310897113261
8371,1673.4355157563655
8372,13206.663781089757
8373,2432.390130286256
8374,7151.541528003776
8375,1389.1478345268747
8376,4479.270848111092
8377,560.7524443859775
8378,15105.491400861252
8379,3923.38009858958
8380,4788.747188690305
8381,14650.006716356773
8382,2445.9503890154874
8383,2803.024768041445
8384,1019.9102356300759
8385,12709.541029474472
8386,882.072331661021
8387,1887.9163206010248
8388,714.7122388656408
8389,2419.193204771805
8390,933.4813273567834
8391,3579.2759944229683
8392,2818.663831011837
8393,795.1960976723558
8394,15371.92993739365
8395,694.5540314516475
8396,16992.93978237329
8397,12765.120539730959
8398,7283.547479687774
8399,2155.6715665370293
8400,837.6164471914094
8401,747.2773081104656
8402,956.6885642085695
8403,474.84641860392867
8404,1546.5190045039726
8405,675.5790281116479
8406,10816.00049141077
8407,3079.705276130636
8408,3105.809662456024
8409,8978.450874174356
8410,723.713808037081
8411,425.1590875877905
8412,8904.053395105957
8413,594.2201236449755
8414,699.5777357918059
8415,4368.621841927034
8416,786.7414564466676
8417,3562.807109791513
8418,4120.063306670292
8419,1262.9446799857142
8420,1859.7401453581433
8421,2936.848759843787
8422,6516.665914612056
8423,7293.629581500241
8424,1823.4248798233434
8425,4156.18413951382
8426,4628.585835282639
8427,765.4006702489842
8428,1983.7223004531033
8429,3484.4775620538535
8430,2520.8202437636146
8431,1591.872291722461
8432,1503.4986150260775
8433,990.4608276645354
8434,794.6280136778591
8435,10261.77155901933
8436,763.7206371021452
8437,12749.424762776725
8438,12549.29216932774
8439,1368.2426204236053
8440,726.8330929016715
8441,2498.162870428778
8442,683.4071714500155
8443,11026.273314315662
8444,782.0038422625971
8445,3105.0624044909114
8446,642.6227208503501
8447,9363.95955294017
8448,9862.805937274907
8449,1402.2809948119238
8450,2674.093323045163
8451,8860.509539683946
8452,675.7878122643947
8453,711.1838934470011
8454,943.3522780297712
8455,5327.614138417668
8456,2848.1905989915285
8457,2314.712071275969
8458,577.347484151051
8459,4130.733624335758
8460,499.740561562463
8461,765.6663041102915
8462,459.56453829052316
8463,3854.9251462520574
8464,2780.887071473898
8465,1607.9908822855273
8466,5321.193960551998
8467,4215.967077572188
8468,1254.527876509223
8469,11767.92989943517
8470,806.8500308994503
8471,4010.7519028867696
8472,1268.409888000991
8473,457.67469824068894
8474,473.8375195882595
8475,612.9903370834345
8476,607.3104508817505
8477,5940.162357558382
8478,2542.0428109199374
8479,1391.3606291499063
8480,5637.19017901523
8481,2338.5941507777025
8482,646.2623740042222
8483,10636.521305473456
8484,1211.6162060214897
8485,989.5042318286087
8486,6638.663668403939
8487,4295.192596826873
8488,8144.501257192821
8489,2203.9361737596237
8490,1266.037464892851
8491,5213.778062451829
8492,2034.1572329073347
8493,707.9962867502445
8494,2702.283490374988
8495,5729.604308124439
8496,14532.470844640293
8497,846.5768037661333
8498,13374.321301769936
8499,3909.9037215037138
8500,16783.587878807622
8501,855.1000534200239
8502,1205.9184837008384
8503,1873.0521124011575
8504,849.5337217941496
8505,464.60739697799863
8506,17493.624778197867
8507,1584.4133665681866
8508,7468.780833680623
8509,9966.643162895985
8510,6861.844601606463
8511,8289.187554635515
8512,880.4834520264912
8513,7342.597722960532
8514,16573.12856096345
8515,592.6329447123653
8516,385.3498697007135
8517,5537.645267999144
8518,8635.285317342195
8519,1847.682475622319
8520,3919.952861757106
8521,719.9123237348117
8522,5550.945032418222
8523,5101.023265255632
8524,9359.023399274745
8525,4027.9905996033685
8526,1891.235063761479
8527,636.1646626695056
8528,394.9827158324306
8529,931.0581400838087
8530,2816.2312329987567
8531,1033.9855259892593
8532,16048.269831752026
8533,10916.555308253312
8534,6383.686618433311
8535,552.3987231741912
8536,12501.33056488732
8537,2500.1275191395375
8538,740.007555216102
8539,3207.7516110080446
8540,1726.575984792048
8541,2040.2329045140839
8542,1040.7216365166687
8543,799.6559893066519
8544,10495.261888627076
8545,15107.278825542897
8546,3975.349811512518
8547,1050.1620223710365
8548,2486.469513539827
8549,1115.2819938466096
8550,640.9740853878784
8551,872.1535917036435
8552,867.8086828428777
8553,2738.4107559412023
8554,1637.5458436076183
8555,12820.455312647116
8556,16391.381854864012
8557,2607.5130329952663
8558,619.3176986099979
8559,4474.358036975008
8560,494.9294057416573
8561,590.5717934598197
8562,891.9349169036209
8563,3263.8231524424605
8564,1721.5158726803056
8565,741.7068252316426
8566,4571.4959376434645
8567,797.0125125845452
8568,5149.692224595705
8569,1750.816742446249
8570,2765.4235955526246
8571,1497.7271666434044
8572,3288.0417434660526
8573,6555.39197430155
8574,1290.2124535246166
8575,4886.127128804674
8576,2076.370577900961
8577,1432.966168247723
8578,824.5301646254234
8579,1259.5397904664355
8580,1926.5009470847428
8581,844.0583313075404
8582,1024.1919293132114
8583,13912.775002358378
8584,988.7093109736929
8585,1616.8915925078
8586,6741.415817253146
8587,6157.516731289394
8588,1450.2540354275502
8589,674.680926567175
8590,1033.4372654288227
8591,1705.874341010347
8592,7686.1829858614055
8593,4108.461819693777
8594,6528.875620751898
8595,5396.251397522231
8596,3948.850299499312
8597,10670.539743468826
8598,12195.522758055125
8599,1051.0094801255314
8600,5440.558607894163
8601,627.8927540859017
8602,3715.110056591409
8603,1881.5013177198002
8604,7396.250316749226
8605,2037.3771302158887
8606,7082.875042660641
8607,5159.107813625086
8608,12091.21474927854
8609,1180.8492399329994
8610,956.3984380627512
8611,13472.387533235731
8612,3394.314127860989
8613,4509.249544531723
8614,683.4283012643436
8615,16402.93655707203
8616,644.5551032016683
8617,1715.0740469572593
8618,3388.0320901542955
8619,1620.5210847346561
8620,790.6335305159105
8621,10848.560094907943
8622,5435.436279690259
8623,10432.946505899263
8624,794.7982498324736
8625,1979.3884602196297
8626,4485.480818739475
8627,1734.446681614188
8628,3744.199056463931
8629,5096.100323173395
8630,630.9204697595246
8631,1354.1939728701182
8632,2511.016279860083
8633,2655.545859241752
8634,1135.9513260526787
8635,916.1414186261923
8636,722.6049819648797
8637,4709.449510585008
8638,508.3902822256523
8639,4294.73116015991
8640,1410.2120137908282
8641,1057.0524007783301
8642,562.6307779024241
8643,885.1482880502213
8644,12684.331862544204
8645,4723.293766399285
8646,3376.855916721641
8647,1122.5000409841582
8648,5069.866595440597
8649,528.7737015469784
8650,4585.976458666519
8651,638.7860109227768
8652,10621.235728568088
8653,10422.989140375872
8654,875.4349785074082
8655,1852.9051182344838
8656,5359.957797823388
8657,1933.2292862802183
8658,808.8215547117952
8659,4729.135685687086
8660,1960.004174635478
8661,16697.14745636417
8662,855.226734597034
8663,2015.219261114698
8664,4756.417544744097
8665,953.8200620962011
8666,8815.306292933088
8667,3038.136634968828
8668,779.7572794082885
8669,7996.955644318039
8670,4125.376873096348
8671,560.3596599603561
8672,1453.578413070603
8673,3517.497930795723
8674,7147.360553775419
8675,574.4328708311064
8676,867.3217426827819
8677,4165.41656570907
8678,1750.976885235846
8679,788.2188104517918
8680,7278.544832435185
8681,1069.3855104323025
8682,17058.096766757153
8683,7956.829479370253
8684,5821.34656779236
8685,554.9670583684228
8686,1018.1297634578063
8687,1316.1951823499562
8688,1703.4295857996954
8689,914.0053947497713
8690,594.9721989239556
8691,8725.41514475345
8692,1012.2165603270687
8693,2555.1636716781413
8694,2998.303639977068
8695,2002.8291033703902
8696,8909.913115996416
8697,1264.8861863983097
8698,656.2963057208431
8699,553.4648100072263
8700,3418.674640903945
8701,4068.4700939780323
8702,1359.122744485319
8703,3470.261546565526
8704,10683.445814828585
8705,4172.829169389514
8706,6751.198906425658
8707,3853.229746039502
8708,15457.740024415893
8709,1760.4065797885055
8710,800.7703889460608
8711,684.1800863959911
8712,2188.2733178140597
8713,3910.122368483983
8714,751.4023216638202
8715,4493.937586165515
8716,1183.4734282546247
8717,2624.6741952413863
8718,11470.48854433444
8719,11624.354861734304
8720,2168.4063797707577
8721,3039.949806703433
8722,10488.933556506607
8723,3075.8805992238895
8724,1597.036005754485
8725,1039.0069398738583
8726,2042.2377380674884
8727,916.1254980183976
8728,4069.633721839189
8729,6477.538207308312
8730,653.1194505603576
8731,1749.2187802373583
8732,2407.803417654568
8733,4527.336449458198
8734,2250.6318266288636
8735,7040.7551548634365
8736,1933.1468453925495
8737,5282.944591406437
8738,581.8504230976141
8739,3910.9668965401142
8740,2202.3426521778283
8741,5340.55708668121
8742,694.5714636999305
8743,740.0142254750144
8744,1772.5100281216855
8745,5095.05982046173
8746,4441.653162746419
8747,1886.7661834299693
8748,6198.2740053391335
8749,2406.5921230571053
8750,2825.1848690638944
8751,2040.2278594294091
8752,1132.57590385597
8753,16404.217807016677
8754,1065.3935257966455
8755,1455.8058690179428
8756,816.1496229880231
8757,9952.29454971655
8758,2992.284656966715
8759,748.9231650231254
8760,617.3390405797377
8761,6476.919070070685
8762,1821.1646015883084
8763,3282.7890692758056
8764,6681.835889697624
8765,1041.2055362215688
8766,1616.1711565798728
8767,609.3864114114858
8768,3204.512727970202
8769,6068.062008611954
8770,5065.85280685219
8771,542.1874230971493
8772,1379.4231528048413
8773,735.5026511275614
8774,980.3855758494815
8775,443.9944717386247
8776,1118.9860533287665
8777,11258.195731904058
8778,4296.669116352013
8779,16966.81339971177
8780,6847.773086461367
8781,2396.895025274789
8782,2927.182209838303
8783,792.5619240270607
8784,950.2644324299295
8785,859.3819885901439
8786,4066.3613116432575
8787,1892.5497210027688
8788,1857.2203865828146
8789,991.1892885808024
8790,3393.0874221720833
8791,7212.576893564988
8792,1895.1463860048743
8793,789.6142422944104
8794,2367.6350236202966
8795,1068.7682417713
8796,7066.831443792189
8797,869.8051880349653
8798,2199.1519632705513
8799,1571.6668701624244
8800,1648.57763067335
8801,12694.315278770526
8802,5182.608485115667
8803,13549.296341397489
8804,445.44086148929046
8805,8814.348321954774
8806,601.6098805351776
8807,2966.546092346299
8808,12480.227046943515
8809,4110.801356032224
8810,12926.730254653778
8811,2985.102718478941
8812,1668.5501048948422
8813,5162.216816078091
8814,1873.78152668265
8815,2658.5670296889048
8816,1050.4206592908008
8817,615.1931695990206
8818,3820.865720790734
8819,4896.204534858909
8820,1005.4325767738655
8821,2494.534807542087
8822,5231.170789083112
8823,867.9329110063104
8824,4220.9568959599665
8825,8031.8077054526275
8826,3238.824255284935
8827,2892.522321726695
8828,999.54125364423
8829,5156.068936171996
8830,1235.7850759388566
8831,1243.4311626852518
8832,936.186735108422
8833,14812.541221434101
8834,728.2158883755628
8835,15256.904660088603
8836,14765.615060025277
8837,9994.015117129507
8838,7933.114000154697
8839,16471.12349177937
8840,1668.25355063487
8841,13336.00234803276
8842,4282.961571383095
8843,962.0548457178443
8844,1915.893071167436
8845,1159.9799353651501
8846,10143.675008511655
8847,13082.136489217533
8848,643.9466362933204
8849,417.6115295612458
8850,13760.558657428805
8851,2600.680447499583
8852,625.6195386337831
8853,4962.0485990966035
8854,5735.775381252097
8855,671.8742103829732
8856,8524.191000778823
8857,4143.589278596701
8858,2050.0208649828974
8859,1074.681493127643
8860,3789.4683196311294
8861,3744.0344042138677
8862,730.1352233675539
8863,7220.813235320039
8864,2118.297380825281
8865,823.8688849416426
8866,600.1417864869013
8867,3123.689254543875
8868,12994.596514293185
8869,1030.2186415974838
8870,13127.544668230017
8871,9135.684319679967
8872,1519.3108586828403
8873,9297.245781552276
8874,899.542251824731
8875,11683.352530940552
8876,755.6327668263739
8877,383.25329926705444
8878,5145.511322453936
8879,549.2743247888702
8880,9937.652778023166
8881,5747.304705317898
8882,4979.741030629554
8883,4324.930744527451
8884,962.095164212818
8885,14413.575801857163
8886,1364.7611592457924
8887,14115.54705411745
8888,7692.471137912752
8889,5693.584252667069
8890,5975.72168224702
8891,832.4645952288074
8892,1739.1030636038977
8893,2798.122335239269
8894,6340.54598893693
8895,595.359864106269
8896,5048.604117285695
8897,9476.44416430889
8898,626.5241307928814
8899,1075.2098930054053
8900,2839.4177425193166
8901,3993.132108309683
8902,281.17668127109573
8903,2169.332650891558
8904,766.047929869711
8905,2861.421045395362
8906,4108.743899023483
8907,567.5605785217563
8908,4846.184672079915
8909,1623.871804378734
8910,1303.1632393125815
8911,700.7791902748081
8912,5739.429496902763
8913,7327.035040074881
8914,1878.6662083949218
8915,3289.7353201615197
8916,530.766697033926
8917,4404.2658245634875
8918,11696.766203961039
8919,936.4171826988004
8920,4638.105171678181
8921,801.2493263613183
8922,815.5388644165828
8923,628.0868135345622
8924,1162.2251981231116
8925,6823.537007020723
8926,2945.9592466413064
8927,9397.00022797767
8928,6873.437089414983
8929,1008.1209033362879
8930,1704.6139856241748
8931,1050.7295313862942
8932,1792.4322455804681
8933,895.5201857928537
8934,510.9248212127495
8935,768.6487491045477
8936,662.9646419937267
8937,1155.5580983818381
8938,4991.362355926824
8939,4871.032647896598
8940,14630.719147087542
8941,5625.747654506064
8942,2591.7886849013016
8943,3103.0590420044173
8944,768.979023629166
8945,3067.710074300117
8946,1111.7458769626242
8947,2738.111773313194
8948,518.6245504726153
8949,5254.781200761075
8950,8996.345290768528
8951,2310.955205166133
8952,2427.74302985953
8953,887.828895218081
8954,2801.1625972145976
8955,5100.47603526013
8956,7670.13164477382
8957,807.0978985016832
8958,5371.070608041963
8959,2822.7415749886777
8960,13568.256718098179
8961,4359.044084005402
8962,3594.2056548896016
8963,3623.713855037711
8964,3547.5374837743066
8965,4616.9762390747655
8966,2324.4531718561648
8967,5650.990307407917
8968,2808.5263623193014
8969,1595.9650462488335
8970,656.0906710154959
8971,687.3242993468007
8972,893.7830474480324
8973,1534.7177492636365
8974,8073.5289541187785
8975,608.8351937837451
8976,17475.147825919325
8977,6762.792613344364
8978,2266.5115477996933
8979,4777.696537631979
8980,8286.662487051628
8981,5145.589001530816
8982,1651.2621859418723
8983,776.5461167414978
8984,7559.608045550102
8985,4522.729971069732
8986,5278.27856094884
8987,756.6394868515181
8988,493.8639912582644
8989,2489.4603986253433
8990,7427.348086532037
8991,774.9358357977721
8992,2162.3337833847213
8993,4411.799451938494
8994,3025.9006061475143
8995,4431.714089320729
8996,4209.9010613931505
8997,4527.017625065442
8998,13827.950794085338
8999,13804.98712940084
9000,1162.974997834106
9001,5660.860836265489
9002,789.9896776645924
9003,7276.271789143978
9004,861.6428062764089
9005,2650.579281683189
9006,2706.477746457601
9007,15164.105485090286
9008,8368.971288403249
9009,5479.202570016305
9010,716.8442875663068
9011,1409.3634733335975
9012,1198.6105330092892
9013,2816.3335733196136
9014,670.784814280687
9015,575.9020042696766
9016,14197.674307087684
9017,15694.876608722341
9018,9760.795040764355
9019,2214.427845672316
9020,3830.293250707133
9021,1139.8903789687442
9022,4291.715335074735
9023,1343.4148782895668
9024,4667.165213948792
9025,715.543808792504
9026,15993.26104640692
9027,4329.327526419503
9028,16051.940550506792
9029,2357.3757068466844
9030,997.9489715609229
9031,2397.8186634405156
9032,668.7733225856109
9033,4198.9389319745
9034,4448.541417219696
9035,4015.1659322352384
9036,7372.833373430551
9037,3495.048264031514
9038,850.0537526201242
9039,3404.6863378976077
9040,701.58682510274
9041,826.8047427657343
9042,5048.756154748267
9043,15051.798135949459
9044,7594.726352880108
9045,7696.828140692681
9046,616.0204901212901
9047,14867.55268735165
9048,2163.7675796983076
9049,636.4065968898208
9050,2112.47602353763
9051,1001.5298813655068
9052,1834.1833485875131
9053,6621.78283800853
9054,2448.766486773683
9055,7861.6491776929915
9056,2388.4890821484114
9057,1600.1171188073445
9058,14679.110869984212
9059,1246.2524229512474
9060,576.4072295439059
9061,2338.8696764480965
9062,555.3953640464351
9063,712.3366490341796
9064,748.3253261390382
9065,4302.897949886798
9066,721.1165749791385
9067,7710.942112417391
9068,4547.370969790427
9069,779.8541607162424
9070,9458.810929647123
9071,14729.310789261483
9072,1051.710288386732
9073,8963.573638981296
9074,6869.128008180716
9075,9551.972012597547
9076,5164.3334357844205
9077,1378.4660011263695
9078,1998.010523602618
9079,3568.087381818994
9080,834.4471877855717
9081,8143.262197071901
9082,1097.6073742433432
9083,838.283130443836
9084,1779.9019360717193
9085,3972.402758736724
9086,1517.208112020191
9087,1599.1488173708308
9088,709.0246347695638
9089,7411.495850269139
9090,8173.535240568618
9091,17872.83942130473
9092,856.8514991821748
9093,3344.6514029294035
9094,846.2331135877557
9095,2207.8920290680007
9096,1869.5867021141453
9097,2601.4797487282135
9098,10906.654635654577
9099,2638.679948121803
9100,469.2834408862964
9101,3163.134560217377
9102,754.9616373012705
9103,1437.3514483674362
9104,3307.557027972013
9105,2142.0092829611813
9106,624.0049590472254
9107,4243.750977088455
9108,502.8894046345108
9109,2269.086640322915
9110,6111.11536130549
9111,1936.7919056025294
9112,5011.796160303378
9113,1136.8603082210834
9114,12412.40147485296
9115,4298.975950654479
9116,930.0942504591912
9117,779.9604973609248
9118,932.3709348204875
9119,9896.63494789106
9120,12274.399518287439
9121,7104.9294632807705
9122,5484.892354854605
9123,783.2658407265508
9124,8084.699171480265
9125,8118.346314911175
9126,2744.721059163084
9127,908.6366016575462
9128,3716.032371891489
9129,441.513346498019
9130,15984.064936349632
9131,9889.436584865369
9132,1301.739812617231
9133,3764.9569226671924
9134,4141.667241239871
9135,843.1429074402736
9136,624.252961723877
9137,1868.2618524424233
9138,14037.2554886157
9139,5484.3322186534515
9140,7159.691716717499
9141,954.1819431504632
9142,3258.8581857547133
9143,6779.436963382152
9144,4265.735300773784
9145,2952.0376959228515
9146,6487.0193529486505
9147,620.2509484024131
9148,992.8432008353466
9149,1157.9916417039462
9150,9650.436174107006
9151,1151.5518059117394
9152,2644.392369362614
9153,767.1595334149138
9154,1942.936114768538
9155,4980.156794419366
9156,13511.46909553905
9157,17451.749894959477
9158,1898.1309948698433
9159,8629.163797399047
9160,5660.489243822639
9161,14006.029876789933
9162,2564.058725582041
9163,816.1120807696266
9164,1233.3063870500987
9165,3209.466820552896
9166,822.9541590074405
9167,2293.0470029532794
9168,927.4250714182845
9169,14119.923016598106
9170,4076.2888146214364
9171,5614.3675021024565
9172,1583.2734870291265
9173,4506.150222183272
9174,878.2550031277983
9175,3362.55209105713
9176,1859.22213647207
9177,782.9513297544086
9178,16000.960400774788
9179,1833.5353716185914
9180,5498.680124346824
9181,1868.3516991171628
9182,4658.864260894276
9183,651.4091702067012
9184,1306.8941885396594
9185,672.0816586727719
9186,8645.043777878205
9187,3250.6340653040747
9188,12157.883152717714
9189,4192.209933691099
9190,2418.668947706132
9191,5465.918161267636
9192,1499.96394632573
9193,1942.2450540677635
9194,3014.3201381430413
9195,3103.8300695165476
9196,599.7176839801837
9197,1841.957578958703
9198,7576.656189885963
9199,5002.101613167833
9200,3819.971721869839
9201,9529.385318971412
9202,10533.228400953714
9203,473.6167193754204
9204,1372.868051691063
9205,3259.6563024115635
9206,4176.55137794163
9207,4612.467810469802
9208,10791.024749396125
9209,13030.27371350851
9210,708.1462093448667
9211,935.9034797408885
9212,11418.715504395726
9213,9161.136612371203
9214,1915.543409242249
9215,8100.782293429498
9216,1056.8261494009316
9217,786.5295700934889
9218,10782.157212372138
9219,737.7018631385936
9220,2152.1563723149848
9221,5714.659588622889
9222,1576.586419222057
9223,1104.0018131535453
9224,880.8985185185315
9225,1380.297444601567
9226,3835.4056030681377
9227,16087.150561987632
9228,1550.240020026713
9229,803.0955903872982
9230,1495.3966664368504
9231,348.6108275512861
9232,945.0872091877441
9233,2530.9959720251454
9234,17529.337104613034
9235,17438.635582269544
9236,3652.717066164789
9237,2308.640146545671
9238,1323.8679756983347
9239,3598.860772602176
9240,1803.5822441806304
9241,869.2654731621865
9242,2235.731835933063
9243,2828.133868401016
9244,1104.5466809225204
9245,6281.697524248821
9246,2778.1992191317
9247,904.6339940963335
9248,1033.8005937039484
9249,673.5218355217239
9250,2999.401353891591
9251,3375.799304652936
9252,1845.959532378814
9253,2216.6337501041185
9254,1725.6298340033559
9255,1803.1604750338165
9256,2170.0267399353556
9257,951.5387697054293
9258,4378.2339355303875
9259,809.7704140649398
9260,6239.112835523698
9261,9964.756633626748
9262,5643.943676048998
9263,10637.28322201627
9264,424.1803723758826
9265,8724.291600216557
9266,13824.130170231827
9267,1780.4361286747844
9268,4718.199552040741
9269,11596.31015598508
9270,769.8351740428948
9271,2092.3713906421344
9272,1906.4090797673534
9273,4998.455868316033
9274,2538.9544979406865
9275,727.0644068880933
9276,1706.056816395907
9277,4165.937500081881
9278,1547.5523794388196
9279,10865.559387017205
9280,3528.359525458771
9281,3194.722188907792
9282,4543.987933957255
9283,3193.3895753550323
9284,3878.1012060792045
9285,9497.84968895065
9286,2508.1924099163894
9287,7234.973585197121
9288,10864.73482136832
9289,474.9437006838116
9290,13185.428301255912
9291,16486.86623543637
9292,4590.770936285837
9293,1078.9835530330838
9294,1302.7677027341515
9295,2499.5539601545815
9296,546.6538580371657
9297,9062.93066802828
9298,671.3632015833068
9299,1987.0699916477693
9300,5946.649469095665
9301,3228.9779442642366
9302,3429.3597309665292
9303,2834.48649155329
9304,714.9431534476321
9305,1438.4959690679611
9306,2200.78511362803
9307,7980.318040389504
9308,2861.451727119438
9309,901.8881730688313
9310,7906.714978454569
9311,10476.737938361459
9312,11420.862665672248
9313,5689.8951767568215
9314,396.03547447447045
9315,7353.2126677989
9316,5238.326221095792
9317,1882.8167571162626
9318,1691.3251920853158
9319,2111.7827353342736
9320,699.5072018903702
9321,851.0623660327515
9322,11618.67709156904
9323,1491.4458136238077
9324,838.7999306405059
9325,864.747860626263
9326,3427.5028034320135
9327,3335.4610791511336
9328,1323.180948792441
9329,1471.7208403710483
9330,9182.18549122678
9331,811.2160705722513
9332,4888.772796464787
9333,6033.483486231899
9334,2452.831664152668
9335,974.6644902884295
9336,6699.974416376428
9337,624.6222710536181
9338,2210.4483330725034
9339,4768.228768013406
9340,1100.5758664695354
9341,3904.6394962502713
9342,2329.227117635879
9343,1053.1024030711105
9344,614.2010273723413
9345,16315.199357114923
9346,1636.1544220576898
9347,809.4013053334902
9348,587.5058220361825
9349,2469.2097103814754
9350,789.767793546619
9351,7038.015409048541
9352,1004.6437255628239
9353,603.984327441608
9354,6567.71265166938
9355,601.7651643234699
9356,2341.7501379858195
9357,7385.729650859606
9358,1058.534440534374
9359,4382.976336963915
9360,8024.0184042492165
9361,3135.452482051487
9362,3740.906722896019
9363,12465.04898591245
9364,10921.297909989396
9365,5142.542266845978
9366,4128.628175599125
9367,6321.156926540408
9368,4001.6253188597034
9369,8473.262664795126
9370,4093.340562314028
9371,538.2130462049558
9372,175.32729511328125
9373,3188.0885098487106
9374,1519.6191357813827
9375,3455.639052187143
9376,13653.75006075701
9377,454.0125233837857
9378,4561.625575931336
9379,582.5863034010326
9380,3175.2161059625523
9381,12887.288291114946
9382,4586.444001878368
9383,16480.30641082891
9384,5141.716527598362
9385,563.1913941447142
9386,3547.5284419775044
9387,522.8174798289228
9388,15666.577800052712
9389,4710.676128465046
9390,13639.79239633003
9391,677.6239193480797
9392,9776.297688706953
9393,5997.099588394303
9394,784.0558647252774
9395,4111.509072438534
9396,731.434224248499
9397,978.6167562486207
9398,4722.814358287246
9399,1157.7098241511526
9400,6595.999798725161
9401,8117.626922824454
9402,7090.194674076093
9403,11791.382270762628
9404,13583.041335057935
9405,7229.45940817267
9406,617.9277843099453
9407,684.8345000576114
9408,6713.48309855445
9409,3527.144267336724
9410,682.6977225614432
9411,11397.288413414357
9412,4728.833945396559
9413,4392.158771328179
9414,7279.3163957374845
9415,1849.8049463577354
9416,597.6338472841435
9417,14008.307909457133
9418,16443.56732974512
9419,3271.474386048044
9420,3512.892090424125
9421,3170.1576890307274
9422,4648.339955961543
9423,1291.1700544145729
9424,4630.621480117289
9425,14265.153686684433
9426,786.6315223552201
9427,14585.510636439782
9428,1966.6476479927435
9429,883.6134655638684
9430,959.4797936603945
9431,14580.574056090049
9432,2635.802957842897
9433,5959.981078074563
9434,4155.296948808413
9435,4777.324824050787
9436,10170.187038302549
9437,3861.554313522371
9438,4381.323835751692
9439,1422.4020124373287
9440,11754.032947900781
9441,5204.03822836244
9442,1324.8633900996424
9443,7123.299199090847
9444,16739.03364752919
9445,7309.443460306493
9446,2298.5008684606028
9447,2300.462494605109
9448,539.8643883234636
9449,1198.768105385187
9450,11426.98572123778
9451,999.2994659163528
9452,5543.5888407112625
9453,4024.9533785280887
9454,771.0255029922
9455,7121.497082692994
9456,943.8893723703413
9457,1576.1961171309417
9458,5437.438088525229
9459,9620.838944598232
9460,621.601346537047
9461,509.1379980068141
9462,14212.465561319563
9463,6871.510148522023
9464,585.4258727010597
9465,4698.951595458993
9466,15555.361301356837
9467,1487.8013058579995
9468,18647.572307631417
9469,2813.3486601809986
9470,656.695937215186
9471,12062.036694517405
9472,12130.025283126612
9473,713.3093540189384
9474,2513.359323220774
9475,4913.456819407743
9476,5895.369522534462
9477,5629.007979937587
9478,905.5375967030182
9479,416.52408906442906
9480,9046.014845410235
9481,1408.678974728643
9482,1786.6087656324903
9483,3853.17615533082
9484,1878.3068062561806
9485,1528.0744716126123
9486,4799.374681372649
9487,2271.097332508916
9488,3132.176480389304
9489,4675.798022943428
9490,4524.672006580789
9491,5019.184841028192
9492,1307.1304187246983
9493,741.5390448045468
9494,673.2230207819075
9495,2426.898956623075
9496,15654.103014752127
9497,526.7662363404925
9498,778.7553269409495
9499,637.9107680832781
9500,2669.9173987312097
9501,743.0510066400516
9502,1296.1080702713348
9503,2669.630427995452
9504,5441.5074026476
9505,1998.8020132445529
9506,6537.79278958691
9507,4502.298173193243
9508,3601.463223882743
9509,16532.786482473864
9510,1586.6956947832296
9511,576.9458296118792
9512,4022.500029518031
9513,2960.4293885900433
9514,679.8294188799882
9515,4858.777598180649
9516,16383.719274395815
9517,2450.9873751814907
9518,804.7912391577852
9519,1836.8519848161168
9520,2960.856082505222
9521,1484.5194159197886
9522,4293.400507596312
9523,5765.618736270679
9524,3827.985043830628
9525,3227.2248198195034
9526,4690.32683060326
9527,2856.3168901340405
9528,593.010722984428
9529,847.7553066261753
9530,3793.3208422534685
9531,11139.38030725618
9532,1217.2861894677658
9533,2878.9243767509024
9534,5486.739263753982
9535,1450.8332665518246
9536,3398.029754228564
9537,3279.1958911975325
9538,4699.074345035132
9539,520.3382990965333
9540,2208.589994626461
9541,785.0987210769908
9542,2096.3871919104304
9543,1365.8696173695917
9544,3044.0169852038107
9545,952.4622354173416
9546,5585.784427675922
9547,764.1273571870875
9548,2498.5389918962555
9549,3244.012643803423
9550,5277.049169962841
9551,965.761243316867
9552,16514.047544993547
9553,640.6086159953697
9554,914.2383195364218
9555,16874.13889037202
9556,2371.399582045036
9557,15938.455591316886
9558,15983.891046198101
9559,6400.555767827459
9560,1448.9884334905664
9561,485.6673856225748
9562,914.8279877670516
9563,2903.97309211547
9564,3566.4777511889274
9565,4869.206360115371
9566,13137.376458648361
9567,2481.62059701618
9568,1941.8905174374322
9569,5220.056059940174
9570,7133.074498503705
9571,8962.784321727493
9572,10109.627017554782
9573,3389.0280312151053
9574,3934.659675614996
9575,720.1016699998563
9576,9107.043249808274
9577,17605.898741756493
9578,848.7251991698577
9579,2561.027309483659
9580,923.3753580723687
9581,402.68870938294003
9582,14571.592331872765
9583,15364.639053969422
9584,1169.438771163329
9585,3563.1481947502352
9586,15355.361306674837
9587,1740.2991266986533
9588,569.752271089495
9589,5791.821394608343
9590,3217.7568102169657
9591,1776.6670194035205
9592,921.4939979389164
9593,5676.55862504267
9594,7338.217045473923
9595,1725.6267505636356
9596,6525.226055681126
9597,13102.289821190947
9598,2300.4195169903915
9599,689.4778225352911
9600,811.4801664905926
9601,5337.378455394415
9602,7473.944613198477
9603,731.3313122165164
9604,13620.946393399583
9605,16327.885615968355
9606,12621.035976092386
9607,5616.725066752497
9608,4410.794837351949
9609,617.1195208624936
9610,5474.792911262852
9611,694.5956927506768
9612,697.4305096085627
9613,2528.405931156104
9614,1237.324000175991
9615,14978.888633339911
9616,7816.5871105588085
9617,882.3415707307149
9618,2801.786592410428
9619,3479.267560379149
9620,6332.177241049088
9621,903.3810210330707
9622,12356.402772996558
9623,6981.957034382443
9624,1972.0144450251253
9625,11287.268149039786
9626,537.0434497379615
9627,987.2738406617545
9628,525.5260857387602
9629,657.9619719192465
9630,482.7146744877191
9631,1798.402567628449
9632,5471.944150715103
9633,596.1561450652462
9634,637.675311063726
9635,2361.3117729536907
9636,6139.3467093586805
9637,2662.5376050011714
9638,397.27166604062586
9639,5158.227850943888
9640,8966.280426017529
9641,883.6671889687914
9642,9474.040537040657
9643,5941.687917158053
9644,1428.8953746793763
9645,6759.126790467781
9646,529.0648002672101
9647,511.21907822255844
9648,5447.652774723883
9649,4734.215836376787
9650,2806.163025056251
9651,5163.542846138558
9652,1558.0251814481212
9653,720.909590479589
9654,4767.9455766237115
9655,5695.331033295557
9656,396.37094116859726
9657,891.4210297208697
9658,7408.714977188045
9659,1166.5692378854928
9660,751.0994237597392
9661,4971.77400288949
9662,4492.58331802655
9663,2889.6779751165386
9664,4882.178633713184
9665,915.029839656187
9666,824.3491562811255
9667,14739.499943559087
9668,2587.7356047406874
9669,2957.5718016899477
9670,1098.6221599606574
9671,2453.335363311947
9672,2466.5324656006933
9673,1155.049631812784
9674,10258.096652518754
9675,8071.587500768168
9676,11338.416377563524
9677,3387.028091626192
9678,1018.8175375077817
9679,5392.85827908704
9680,499.59264938830574
9681,2317.371204314131
9682,2925.560100218957
9683,10101.562117510332
9684,4404.680615159751
9685,1945.684007440637
9686,5713.415016684827
9687,12467.10701186231
9688,9005.833023951065
9689,4229.940707581971
9690,750.2649009288716
9691,1157.7356252627496
9692,1641.3830055762196
9693,9912.707299380441
9694,783.4635255993098
9695,5051.209603709786
9696,1496.6256681007967
9697,939.251011602425
9698,442.52005282383107
9699,7998.333739792877
9700,4022.1797868201184
9701,428.52863559035177
9702,750.2994693901196
9703,737.6593114315401
9704,6922.518834439569
9705,420.4094150023093
9706,357.97731346039427
9707,2317.4632965722258
9708,692.2012362794972
9709,2045.0823419797146
9710,5545.859770680497
9711,12586.415435650846
9712,2633.2817239153105
9713,6371.083418562113
9714,3669.0534739323066
9715,661.0369758382781
9716,7171.8320273540685
9717,3464.2036483195097
9718,649.7201625411526
9719,8881.681977244943
9720,1992.1670106923834
9721,15946.769894540517
9722,3464.797157077017
9723,6987.910784113967
9724,16360.676752898347
9725,5548.857411087284
9726,2375.653126939814
9727,3022.425110919698
9728,5128.27485556111
9729,7890.50691417097
9730,1046.3442776213947
9731,5399.589275072909
9732,5240.171963262453
9733,1891.955909514582
9734,5043.304060236989
9735,863.1560394566723
9736,6287.229851726004
9737,1020.3025586118852
9738,2201.0315780880956
9739,3267.099128624182
9740,479.8263164263276
9741,6751.979230557063
9742,9647.024091111658
9743,6854.653527576022
9744,649.4237379987071
9745,8635.583604402338
9746,720.4858271647863
9747,3639.9006542962893
9748,1185.3662502169345
9749,3844.6687495554693
9750,4469.216961206125
9751,13624.14577730263
9752,14004.973596550954
9753,3030.034097122855
9754,824.9955212773839
9755,692.1745459303916
9756,1392.4148010055214
9757,4708.2784628693535
9758,2072.559325382866
9759,880.7131129333793
9760,661.4696880740676
9761,6070.2545139735885
9762,859.7199614122919
9763,1193.4553913579875
9764,3357.7836490859736
9765,618.7991910081596
9766,1462.6012373165668
9767,2922.2988194067775
9768,1445.4161216358198
9769,3580.934780465906
9770,1115.6458808281936
9771,583.1177158126143
9772,9825.553724356365
9773,13638.574008438341
9774,2339.4858128162177
9775,3445.470065633728
9776,823.6021514918657
9777,1056.4266554788915
9778,826.3031942997927
9779,3476.6730776368004
9780,3115.9657632983617
9781,1038.3360964401818
9782,12691.564026341759
9783,2519.1285609013266
9784,2591.6213180708437
9785,1297.6599754276463
9786,9718.584943117163
9787,1017.085353835058
9788,7935.217569433575
9789,1096.2443328084105
9790,1278.3324029314904
9791,644.4434371680773
9792,980.8046115518255
9793,4169.362157762002
9794,3576.896733753093
9795,532.7131419245497
9796,1763.734309253815
9797,8533.020189761597
9798,5474.399268841495
9799,745.6787784132498
9800,16887.33882641593
9801,4937.532017877393
9802,469.4276523607009
9803,1624.9287245127912
9804,14725.066403483443
9805,8809.001230546868
9806,3410.002837026977
9807,1023.2373430505236
9808,9199.34362276354
9809,929.9074365439674
9810,1018.2284435139677
9811,5738.745543003146
9812,1718.8898481597225
9813,2884.069693578811
9814,4478.004134523262
9815,4737.602057213365
9816,3674.652862080396
9817,2393.2152554900267
9818,758.3364975030759
9819,465.7741662416561
9820,656.8412850906102
9821,1458.9325340332803
9822,1901.2975559691477
9823,2352.558184034012
9824,11649.898996016327
9825,9737.272373312844
9826,643.5730020421802
9827,17182.8072182318
9828,829.7128189640453
9829,3808.654132403112
9830,6554.396682512084
9831,605.0430782952767
9832,590.4654411128131
9833,10312.106770144937
9834,5271.55956909167
9835,4323.231282959749
9836,10766.259836145553
9837,4418.306015739426
9838,12690.859055815654
9839,2158.4562328736884
9840,4757.5188071077555
9841,3815.660999007253
9842,13016.260096340688
9843,932.2316088453526
9844,16718.679566405488
9845,648.7271912134529
9846,5669.789073044103
9847,404.3229655207879
9848,7433.394093356443
9849,1645.2807573748923
9850,6258.017032429119
9851,2830.5610603569394
9852,875.836930310214
9853,10156.433959683647
9854,833.6851192246359
9855,715.7676583152438
9856,6277.777091228652
9857,341.7343562429037
9858,7627.317959156803
9859,1954.9625135758026
9860,14241.178604732153
9861,15985.30644133003
9862,671.2749138961817
9863,898.7471852269305
9864,13117.60008884941
9865,4801.648179023771
9866,9073.047125872079
9867,3528.9676015793757
9868,5047.740760022596
9869,1909.5567744118057
9870,1367.2445762993348
9871,1489.5586861131364
9872,4464.875940647422
9873,882.4605796960568
9874,5181.635813709422
9875,4601.682159550157
9876,4819.183562133151
9877,550.0165506450148
9878,6869.842863555374
9879,1421.2268234078556
9880,6732.526567901425
9881,1551.366615548186
9882,883.4348406622598
9883,785.4069431739135
9884,2560.0409486567337
9885,2624.098608559519
9886,4516.291646635274
9887,1079.2205229959213
9888,5184.0411857106365
9889,14530.744525773347
9890,802.6258106522987
9891,4199.362306200896
9892,632.8615002674201
9893,3910.499909754438
9894,605.2682367728312
9895,1271.1906770690075
9896,965.0860530410955
9897,2675.1670091213946
9898,814.2590557972349
9899,5875.013055510415
9900,2673.2448327780417
9901,4467.738251668559
9902,2422.4802530381203
9903,1631.6865981630403
9904,1387.0617310449488
9905,2619.0910446798352
9906,521.5980416778134
9907,1035.3116328237156
9908,8206.398803631817
9909,13016.989101895055
9910,1153.10079682275
9911,8792.557926646132
9912,821.8179498272971
9913,885.6404066905734
9914,17039.97460418102
9915,2948.177007371402
9916,10781.341672747134
9917,641.6784305278265
9918,3297.7936843770804
9919,537.8686402099952
9920,1063.795633564982
9921,2429.1477984416388
9922,3245.5563043906914
9923,12077.59979142576
9924,1589.207294650353
9925,797.5575156016052
9926,6317.311476893026
9927,549.7542894155677
9928,4443.387657737753
9929,7714.800785641637
9930,4557.928688672715
9931,1002.7526984203851
9932,2150.301794358459
9933,1545.2404614489774
9934,10023.646557789929
9935,4805.062460364388
9936,14085.29838467007
9937,4199.795652826991
9938,2505.329315469454
9939,940.6071490999066
9940,756.8836732362802
9941,1240.3981649444795
9942,6145.17194111342
9943,9328.782752112933
9944,13051.228712045806
9945,3429.889329243211
9946,2502.213519407088
9947,5541.629720533101
9948,8058.580890703221
9949,2099.965809063975
9950,2642.0227474170943
9951,4787.08179378079
9952,1768.5299538373465
9953,3580.3299915303846
9954,1718.9699286748937
9955,374.78248220783007
9956,8760.527147015038
9957,6396.8238267505585
9958,934.1564520211919
9959,2904.079526483154
9960,2409.3507976326287
9961,11429.274329142856
9962,8781.972165415442
9963,4066.0750903217017
9964,1262.6433894214233
9965,3280.311054215378
9966,634.1734275694007
9967,2314.367178585184
9968,593.4870234673294
9969,16129.614456712647
9970,357.17727359755736
9971,551.6251611043917
9972,13413.690749625111
9973,8384.145965152744
9974,1664.5322535649639
9975,788.8637138008712
9976,3107.375295777908
9977,2036.0279209694843
9978,5453.2163463930465
9979,975.8478653085226
9980,997.1069635212589
9981,1514.9893368225385
9982,4351.874673038725
9983,13096.562348533434
9984,9341.74116211935
9985,8753.044814483872
9986,10428.893007541847
9987,8319.146915879146
9988,3063.620106093428
9989,803.1474970925456
9990,13428.702332238203
9991,1656.7403916810827
9992,893.1853156518669
9993,8930.874887590411
9994,4224.932833140453
9995,1940.2166832896235
9996,932.4185687865502
9997,1821.5038456762509
9998,6373.967398420133
9999,5328.607735683818
10000,6724.859651356339
10001,1315.197525857673
10002,2137.38863625443
10003,793.0515346626166
10004,5169.789024174377
10005,10097.430347745627
10006,1143.7004304415573
10007,3654.346313588535
10008,4989.343553326994
10009,843.6981535762056
10010,9339.217366992896
10011,775.1155008769001
10012,7982.584971295886
10013,3079.54150869196
10014,547.4163977018725
10015,617.52514504809
10016,1274.5688470983737
10017,2041.7844193270512
10018,3605.278173033627
10019,15603.968289110455
10020,712.4503825690858
10021,2732.140469935444
10022,607.003283688914
10023,1169.4021811562043
10024,7077.668675008708
10025,879.1711100072666
10026,500.0842348788665
10027,814.0709627255155
10028,953.8130530906828
10029,1551.7115943068334
10030,2551.9531657498774
10031,5341.300615874601
10032,5476.490485424112
10033,4572.064671935071
10034,4948.352443482707
10035,2927.618667755157
10036,3482.685575116207
10037,647.5415226083674
10038,16094.642548934291
10039,2579.1838592697077
10040,4392.9518155925325
10041,9963.482361614617
10042,4127.532169005993
10043,5549.211602163412
10044,5804.126567076012
10045,731.6180689355942
10046,487.59271715250406
10047,1010.7080517289455
10048,2564.4444272597525
10049,8340.066018825517
10050,8490.504305066335
10051,11654.698196164012
10052,3359.8013166650244
10053,11763.90554148863
10054,1380.5514496265264
10055,1243.6611226454947
10056,698.5455240026163
10057,4212.887102086412
10058,12457.030560722442
10059,6987.08832296543
10060,725.3067008517583
10061,6920.5754317103365
10062,809.1371034297008
10063,2756.616916551373
10064,2301.5202147830296
10065,6924.417133165215
10066,924.1088026715133
10067,3040.5640264810727
10068,2805.8442340042075
10069,1005.7607968273824
10070,474.9950695667617
10071,653.5431066971878
10072,491.1105857135117
10073,4418.199812816676
10074,6871.6309544110245
10075,1158.462621338233
10076,5527.876563581315
10077,7130.568183094514
10078,6034.5221454953935
10079,504.80468346006
10080,7566.017387442114
10081,864.6655716736582
10082,714.928188492443
10083,13864.325229769733
10084,4248.523802979589
10085,854.3533531519206
10086,2413.7848130669454
10087,754.7932951593807
10088,12950.628340114583
10089,5134.641402885599
10090,11835.740430916281
10091,3981.8582075372874
10092,1824.6223093519943
10093,3871.2175681545264
10094,4276.124416890463
10095,7845.749449726238
10096,7333.9552312919495
10097,6306.194295829897
10098,2508.4223588367017
10099,2863.2221166481895
10100,7560.361724605866
10101,841.2729617756827
10102,2722.578835058133
10103,3046.219671274862
10104,2731.3516130999215
10105,2658.9508761794627
10106,5817.623461907601
10107,4447.820763410786
10108,588.7867988052326
10109,6133.161687536549
10110,808.013967215119
10111,634.9036357872342
10112,3717.6459132632253
10113,2134.231537736695
10114,511.15301050877497
10115,2198.797642296272
10116,1056.4455412323045
10117,8194.969566503445
10118,537.9210940378421
10119,950.765608666014
10120,4589.501440814105
10121,5750.77699416557
10122,1373.2092693647537
10123,1381.7105690198478
10124,1673.1867598331764
10125,1563.799097616702
10126,4079.853750082635
10127,2780.1927569015897
10128,1795.563703648896
10129,829.7086720334332
10130,2149.0884913890523
10131,435.14321989681684
10132,664.0751381347504
10133,6813.261507634263
10134,7479.094725420602
10135,4485.867625177015
10136,2538.225334467484
10137,3289.00455905523
10138,1964.1614281712389
10139,6352.6755578200355
10140,4050.5639804275506
10141,4858.125034134061
10142,710.9696493344131
10143,1116.5205430672136
10144,11212.447113561364
10145,870.5429349278879
10146,7002.097667461463
10147,908.6260711678119
10148,684.1438256798665
10149,1762.4913187196953
10150,649.0727383675003
10151,988.747851352055
10152,1644.4650820884167
10153,5954.72364751664
10154,846.8850665898462
10155,799.8271506074284
10156,1196.0723508667884
10157,12249.10654942779
10158,2306.885328761143
10159,911.6563444863627
10160,11547.357770714643
10161,9049.4373402708
10162,2556.5816381925724
10163,4481.017761664064
10164,5369.930366721599
10165,762.2493520051512
10166,5236.796115885298
10167,2597.374357205874
10168,1753.7907396433698
10169,1220.155116485218
10170,845.0896209125376
10171,3651.040663459574
10172,2542.106551623303
10173,2306.8797570943534
10174,801.2430638256742
10175,1338.7068614213408
10176,679.2347650329866
10177,1473.9541380026867
10178,4523.80114546002
10179,1042.5981008213453
10180,4873.366458680071
10181,15267.442044759891
10182,12253.66919997742
10183,5756.488041309482
10184,2442.0743364436403
10185,1006.4492598736042
10186,942.2804149889348
10187,589.7463420127956
10188,1796.3999585333622
10189,5126.332334668653
10190,9190.227438943386
10191,972.7861113311824
10192,2808.1376493923426
10193,592.7885249362739
10194,637.6095881903152
10195,3425.896775709796
10196,5172.913263138071
10197,504.23975936363195
10198,2420.277081744943
10199,7824.0999106073095
10200,10725.923029968037
10201,4967.093732939404
10202,6767.43139812629
10203,516.0913541005616
10204,2524.8311399633253
10205,1368.8034128324566
10206,637.6154677471386
10207,11988.03499479761
10208,12135.555145282455
10209,433.62381626491106
10210,1228.3628111340195
10211,1360.9474181342093
10212,1108.5552658891384
10213,10107.817694251638
10214,2981.248517006478
10215,1712.7506022191883
10216,9256.857192855747
10217,1896.1816964280827
10218,3043.9302893207823
10219,4555.078547510033
10220,1111.9905252897497
10221,5819.14836770287
10222,919.2797851141704
10223,1478.7942903623739
10224,2239.4487191453854
10225,2474.590447262134
10226,887.2805377519162
10227,516.796750875033
10228,547.5273726111132
10229,750.6935446791649
10230,11288.189443817231
10231,3150.6783584164464
10232,596.416402696178
10233,4099.808180772397
10234,6787.820141081228
10235,1110.6296568436806
10236,415.56476790933357
10237,10574.276787047553
10238,6370.120905495997
10239,4690.974517386268
10240,686.0305006822518
10241,10172.821461094472
10242,2617.262812514328
10243,845.9819455437482
10244,4635.230532644422
10245,2041.6517397277578
10246,547.42485910915
10247,16064.992084825419
10248,15270.459501161225
10249,16604.427471442817
10250,10388.488777290633
10251,786.4655593345751
10252,6265.348212867523
10253,2609.8052398494256
10254,1644.7725102731142
10255,505.52197998309794
10256,1727.1345668168751
10257,2398.6838955815037
10258,2544.175854033694
10259,6916.91998587406
10260,3362.7844670990366
10261,2845.4704654139596
10262,9112.994232520985
10263,658.9118543771369
10264,4974.069735741587
10265,978.6932171398562
10266,2292.054218410108
10267,402.43112205566376
10268,952.3859580683607
10269,1856.9945606414458
10270,6455.624175019895
10271,3663.9102069458418
10272,6164.611914992627
10273,6892.219242516521
10274,1162.162526228325
10275,6807.757187303252
10276,480.9743845519006
10277,1745.1350516055459
10278,4547.805538149946
10279,951.0536923233976
10280,10043.035583829922
10281,10620.536376956514
10282,821.1998706814616
10283,2718.2186053411715
10284,1873.5744695678877
10285,708.4745467626135
10286,471.1946301408866
10287,1734.8773918098127
10288,8733.804211801935
10289,7734.235922562715
10290,657.9709693590521
10291,882.4068062219167
10292,575.4840378786753
10293,1070.947619237394
10294,1071.2194095133423
10295,8387.73625450107
10296,17453.152886021966
10297,6006.037747670542
10298,571.4122792840326
10299,5255.564057435454
10300,2854.8901182718273
10301,9115.387095423634
10302,925.3024564321436
10303,376.1951242178666
10304,2088.9022991078905
10305,829.961460085316
10306,8570.858165359903
10307,5329.691724278018
10308,1789.5431025001553
10309,4772.7985499650795
10310,637.5593132967124
10311,4357.154578621982
10312,784.6026445953407
10313,6989.610120882697
10314,15428.150401031236
10315,11375.14526418209
10316,742.0104841386365
10317,1796.1563444145922
10318,11832.661728082661
10319,14895.492062181387
10320,1615.3452346058866
10321,5800.802077305475
10322,506.2960130086567
10323,1177.3952891874605
10324,860.6635454614734
10325,2908.9888122209513
10326,3076.4987712212514
10327,7245.056673024317
10328,2712.071049012962
10329,6321.52327896969
10330,12348.836354367642
10331,762.9183613878213
10332,776.078313851558
10333,1600.5032416281233
10334,6185.114643661851
10335,1036.2587943675244
10336,7401.142655426391
10337,3062.2918083488835
10338,4264.2723866985625
10339,11414.451719070366
10340,4687.605635702563
10341,18001.14901802269
10342,1553.0757343445725
10343,623.9017223201472
10344,5179.266379424876
10345,2017.316519957607
10346,1252.404783310687
10347,971.8048895596926
10348,11077.972891448091
10349,5190.793055540242
10350,979.1608097198832
10351,1600.9984953789058
10352,1031.4205846866212
10353,978.511579163599
10354,4339.704459726666
10355,1745.1861498505496
10356,2854.0005443019672
10357,6296.062195706244
10358,297.58800357139444
10359,5147.6085813411655
10360,4801.240031910755
10361,1848.6814914968709
10362,9470.724450998934
10363,687.4170835460322
10364,16922.269400772064
10365,6012.172864678051
10366,2332.7334711009353
10367,9235.33537985446
10368,8619.90907715673
10369,5300.326268505583
10370,4615.212084614524
10371,2515.2193704766105
10372,679.9503824551944
10373,4719.906135090912
10374,1044.0675127992267
10375,3430.042541938674
10376,6010.469171647594
10377,560.2024477238315
10378,1164.8772991921678
10379,763.0504759356904
10380,569.9816304964766
10381,1106.8650102872166
10382,2263.4433453572638
10383,915.3834617590801
10384,6573.87635109049
10385,2334.967237399247
10386,15107.092866671808
10387,10849.080183266738
10388,639.5926574307305
10389,4510.66698250663
10390,960.1694644759996
10391,1471.1698591471281
10392,8646.929908481905
10393,834.0365582001396
10394,884.4446701798543
10395,689.5471885806537
10396,2720.322194765973
10397,633.9725108021485
10398,2246.02789368058
10399,1224.690314544533
10400,790.7416683966894
10401,2170.120324125533
10402,5270.819428130544
10403,1074.0561089475286
10404,1974.5900062210571
10405,6036.007574618734
10406,585.7049438875015
10407,3738.3855436593053
10408,8988.517554748843
10409,3689.252599788881
10410,10380.162621734102
10411,534.1560920902007
10412,2396.290451381917
10413,759.9875192088457
10414,4012.710754258218
10415,4306.27571953796
10416,3196.3847021562115
10417,6121.3410307374725
10418,1003.225964409773
10419,3092.7402261803027
10420,7407.949389789956
10421,2570.6478109149893
10422,2987.497622582713
10423,5223.868133637945
10424,4607.283468831283
10425,919.0025799007467
10426,550.867762855351
10427,776.6392429931288
10428,699.3442870023919
10429,11740.822046701254
10430,3385.561217847323
10431,2614.7792082837277
10432,748.9279410308209
10433,461.02278740785505
10434,1986.0851502336723
10435,2727.980562722269
10436,768.8432258134217
10437,727.5927215283073
10438,1908.9397142491123
10439,3787.571461442249
10440,17377.981728237683
10441,695.9213885004788
10442,6352.555707854546
10443,422.05712158086726
10444,2455.5592069892073
10445,569.0317596575728
10446,838.4904411115403
10447,14266.78086608028
10448,6329.718038174808
10449,9852.509055844625
10450,2794.588190677364
10451,833.0018268186486
10452,1179.461950838288
10453,2405.685653686676
10454,12617.541718046128
10455,681.6992640236945
10456,1868.717915931738
10457,6534.520047193129
10458,669.0822703577264
10459,3219.8861416174714
10460,4680.189523594508
10461,883.6573058481677
10462,5860.311059110879
10463,2157.1176193167207
10464,6837.199410609407
10465,2854.080433899771
10466,3904.4636188910804
10467,5610.943467214674
10468,751.5698026762861
10469,417.8429921328702
10470,932.5479653209713
10471,9356.971006458516
10472,983.0027493236162
10473,617.1793569946758
10474,3464.991321703102
10475,6081.834213898992
10476,7040.523182865503
10477,3241.7019111078794
10478,2018.3939053062793
10479,901.0126906230057
10480,5582.876539488272
10481,1663.5534244747287
10482,1789.155384028149
10483,3093.9984540170444
10484,4760.962483969005
10485,272.01350080899965
10486,4601.554151550254
10487,3250.1502298389496
10488,1411.0158934680453
10489,14784.529061264515
10490,1594.6241061523092
10491,598.7735867190604
10492,1214.7387701782586
10493,4007.921211485196
10494,7831.001492027087
10495,14737.806184429734
10496,4042.128139609045
10497,1610.116101902663
10498,1061.218984628089
10499,4806.704628642295
10500,2877.1777104818784
10501,5230.875338809961
10502,4123.450052963229
10503,11654.016970506014
10504,13966.510884483218
10505,4469.228653223935
10506,3076.2420914699683
10507,11889.764593939723
10508,5453.506888316835
10509,5054.011861663131
10510,391.6647665675273
10511,2443.111688973324
10512,4069.6831255065927
10513,1931.319889242067
10514,3677.2635287914045
10515,3487.293995415574
10516,4907.230551024663
10517,1248.3159640536132
10518,3016.8702473591784
10519,572.6114641782669
10520,4890.459563100273
10521,4254.246510449158
10522,3456.477930142323
10523,15135.832808357278
10524,783.870891379655
10525,5133.448934075751
10526,691.9611235054804
10527,680.2082660004507
10528,1334.1509401166609
10529,1476.5835078213386
10530,5968.8827805050705
10531,834.0948998505396
10532,11348.450839593901
10533,3633.8672326131264
10534,1860.3059117608318
10535,5173.630374284195
10536,343.40464392463036
10537,545.4628560743399
10538,7902.46320554717
10539,2105.0286281168583
10540,7102.992129865774
10541,597.5265563200751
10542,1452.5815393705511
10543,2878.8449093172867
10544,1501.8607059453357
10545,1064.6966858937049
10546,4240.948444244609
10547,922.3188344452283
10548,554.6584102637567
10549,5025.406066971267
10550,726.2927904819676
10551,1564.5407753989398
10552,847.6818088104947
10553,2754.319410201096
10554,2374.5864788613717
10555,1532.600371825516
10556,6260.70125124039
10557,3439.907069515749
10558,5726.762859851461
10559,870.4130441018701
10560,1717.6774515073503
10561,7980.029501152008
10562,563.0286801500692
10563,2711.2681271608894
10564,940.5902728754827
10565,2201.48129078124
10566,567.6874571503395
10567,848.8284667547182
10568,1112.7113651622062
10569,1322.909689927798
10570,2751.4326964368456
10571,4754.328618840098
10572,1859.5700355462668
10573,16958.181094929
10574,729.8125169282575
10575,1493.9007556074916
10576,4123.743413480971
10577,516.584299448074
10578,1187.7649757946524
10579,2064.2447895215223
10580,757.699714864551
10581,1740.646807194049
10582,9018.744541976754
10583,12059.589841973
10584,2013.2953598370743
10585,6018.337991703666
10586,16635.851756156677
10587,575.0053348684078
10588,4186.822018111623
10589,6801.692346736976
10590,10790.030197760014
10591,667.6858405577682
10592,1635.268061148031
10593,4876.371961631973
10594,5134.005309447746
10595,2580.0479785310636
10596,4342.1777295342545
10597,2047.5257179980983
10598,491.47173168665904
10599,3962.5235808811362
10600,796.2291503855358
10601,705.2373670640491
10602,1687.1417961413176
10603,3971.461224454455
10604,11079.619611005624
10605,1177.2275805833415
10606,1735.433801823704
10607,3966.8395070700326
10608,3915.6745518080943
10609,3438.0656178350832
10610,8655.159116729843
10611,573.9205596103047
10612,518.3111452455059
10613,607.9531973085827
10614,2240.964155518647
10615,883.2013709069888
10616,5015.688187331865
10617,2978.062705422941
10618,723.9582158369808
10619,2321.094576482158
10620,5247.7670196163435
10621,5648.326721097868
10622,3191.500545725691
10623,4680.690977099045
10624,4772.47721026699
10625,979.2297896088571
10626,553.4386466572537
10627,525.9824575337443
10628,4720.631459413643
10629,2638.888589947228
10630,632.4702416745276
10631,1587.2160396307982
10632,3773.8588813381093
10633,10362.60732539159
10634,1496.217466907035
10635,739.9115251396452
10636,1695.4992261516923
10637,2781.055298464102
10638,1195.82519006448
10639,4433.467327585094
10640,2482.62141419307
10641,532.1593362261929
10642,3256.9191514604327
10643,1435.1856352560849
10644,2473.8274751067547
10645,9274.133737491422
10646,804.1350036243743
10647,3628.007897588891
10648,3974.999323463059
10649,944.6629227540448
10650,4117.462304460056
10651,743.3650220361674
10652,4592.254893463424
10653,1331.4762216225922
10654,13704.748001390084
10655,2451.3241926797073
10656,17543.304863086465
10657,3597.1298922333626
10658,4519.394056695156
10659,698.7485127149184
10660,2539.4926662569915
10661,5484.839809366783
10662,3996.586189669327
10663,8003.931260442343
10664,2745.938189254747
10665,557.8799129102217
10666,3820.553890352192
10667,16611.74440741097
10668,1660.6984183013396
10669,654.87721470933
10670,624.5640685029866
10671,5105.16931537616
10672,1703.2987932404308
10673,892.6527249656342
10674,843.6535736622436
10675,4499.76350622021
10676,713.111968615488
10677,777.4353061795086
10678,922.4562668089552
10679,9028.472838500642
10680,5655.235480402566
10681,2834.9619141596263
10682,1798.7415256090098
10683,1502.2898931403242
10684,8642.062453326946
10685,9603.778620216592
10686,1841.2390290846915
10687,609.6009702657402
10688,940.156683303845
10689,727.6964224592848
10690,6571.205527617796
10691,7677.534909674523
10692,403.9429540492274
10693,807.4324001649629
10694,515.8442830440999
10695,839.0071406350194
10696,740.8755000658648
10697,10179.493170131424
10698,3982.0235312932855
10699,1440.6226871954436
10700,5565.311050981047
10701,6948.8073372751915
10702,533.1841903047962
10703,1869.0193199144792
10704,1571.58734984816
10705,941.5981170423952
10706,1738.9977896650457
10707,691.5640855405222
10708,498.32935106036166
10709,4942.855648017382
10710,1789.2007818224138
10711,2032.2605952866502
10712,10794.991114232653
10713,769.2908610628801
10714,994.7618360741903
10715,15589.990278318026
10716,1267.0223576252297
10717,643.2766184952152
10718,944.3490497891885
10719,1285.3716302630019
10720,2310.17296109582
10721,984.4528979720617
10722,2538.210110443297
10723,962.992710589268
10724,5411.139420407453
10725,1753.7352089762835
10726,1412.1738399639885
10727,2693.236770716252
10728,694.7677562176818
10729,5900.350881666084
10730,786.8200910921682
10731,1291.1338163778419
10732,4085.0874587931885
10733,3710.7478348092964
10734,1036.0134790881098
10735,4754.64579704464
10736,934.6013103470764
10737,681.7391464832417
10738,835.4082808354528
10739,14386.774832897865
10740,1016.2977867130862
10741,1800.3387907276774
10742,839.1401907096215
10743,3515.2879099587103
10744,5321.406399491513
10745,9510.697512727249
10746,1292.160592748633
10747,6574.208594516963
10748,3895.9526183627527
10749,2220.0557639166154
10750,2039.0715467139669
10751,581.4321623587721
10752,1142.8651074872196
10753,1349.7475790775275
10754,2498.8383672583723
10755,1016.6810453718108
10756,537.197242157456
10757,1184.4091765670323
10758,6872.558567334685
10759,953.5633780110543
10760,1615.5055757041546
10761,2197.8537104543966
10762,3921.5996653597317
10763,6733.370330868338
10764,647.8718308109451
10765,760.9383972487262
10766,9694.179083703852
10767,5477.858181019207
10768,18559.12126379235
10769,575.7443042609575
10770,11664.064077888188
10771,1621.247838093413
10772,2365.4060427723552
10773,7121.248547841975
10774,1022.6926539718197
10775,4943.718273283929
10776,2058.4915299929803
10777,9109.017303284774
10778,3265.4887346338055
10779,12244.704586874574
10780,9461.567022409885
10781,1649.3458243400632
10782,3456.9454364725434
10783,1361.0075845529968
10784,645.6241570621196
10785,1660.6820367542778
10786,8992.759044029008
10787,4271.056618913923
10788,6125.207564312978
10789,4518.163496982008
10790,916.7479628562351
10791,4317.245674722085
10792,4759.97857833932
10793,8168.385915956654
10794,4620.749154275977
10795,7936.158242303582
10796,1238.3940179381152
10797,8010.206343061736
10798,8015.982538927227
10799,973.5305079329737
10800,4009.0626329936294
10801,4267.792931625939
10802,1019.8479589203648
10803,5054.3463698926835
10804,666.5799230645052
10805,4101.378111270911
10806,574.269130606343
10807,613.6743635396006
10808,692.0703937945846
10809,687.9033310427612
10810,4367.609710448105
10811,9665.294695908246
10812,11383.738922411198
10813,11186.037829314106
10814,7669.262235785573
10815,3013.201004988448
10816,1786.6747728574119
10817,555.3786797326511
10818,8988.234891553733
10819,793.7764581091105
10820,9318.220572954684
10821,4613.211853395631
10822,2993.9693281939963
10823,1580.2812293372972
10824,5311.185717903355
10825,7047.72214176444
10826,4597.001205976464
10827,1259.3239577671052
10828,6582.918868947741
10829,915.9765191303277
10830,4173.300201679543
10831,7035.472260434017
10832,2443.4399593962225
10833,5541.423910724075
10834,5389.7419789649775
10835,2059.778944809934
10836,5247.720476935785
10837,4245.897385892029
10838,2920.169677724396
10839,874.3568685878618
10840,634.5171673889217
10841,714.692998868381
10842,854.8148617192601
10843,4058.2134968741357
10844,705.9267809776002
10845,2415.7000712429517
10846,4346.648862198894
10847,1410.94561477432
10848,4931.616853058682
10849,819.5634060989637
10850,2171.232064491989
10851,663.2069424504807
10852,3253.0261312398006
10853,15402.893667714194
10854,642.7921738830473
10855,4074.139932630381
10856,14682.552202685345
10857,11158.526779295542
10858,661.678419413231
10859,1115.364488133605
10860,492.1871337697098
10861,1228.6347684307934
10862,1602.351402577795
10863,8074.673788419038
10864,736.958773960057
10865,3060.1882207141407
10866,4845.972078054478
10867,765.4300025291682
10868,338.68923446048984
10869,5942.719495387491
10870,4170.619835083557
10871,6007.451286013307
10872,842.0260927298182
10873,696.7328584535935
10874,4682.517577230137
10875,2475.5983373267786
10876,8003.411653525758
10877,2995.211474441098
10878,5735.002426865196
10879,7066.213778146655
10880,6345.151810009738
10881,1456.3895949286348
10882,5308.383158942524
10883,2904.8601398672818
10884,913.3988529291792
10885,4014.522091246366
10886,1067.5175110669247
10887,2115.831514778327
10888,1487.7948539642098
10889,2958.0833999809347
10890,1328.751384421863
10891,984.1564077908856
10892,1499.5203046085162
10893,4301.307851457397
10894,789.7342914304782
10895,835.251288944884
10896,640.9534602554918
10897,10916.356692405665
10898,3964.881979920264
10899,2234.9180733298317
10900,11585.384864509413
10901,2418.8752061013074
10902,2232.5495346209245
10903,1819.2024836922192
10904,5133.639040714177
10905,699.4874089478885
10906,11544.009907102512
10907,1403.5389624352247
10908,3042.6892942210984
10909,356.5968816638956
10910,623.6729945368038
10911,2479.1832266266015
10912,5431.405772396547
10913,913.1403776560201
10914,3086.0768187254093
10915,801.1249133426254
10916,3779.0710350296577
10917,937.0118289295651
10918,658.3640636573823
10919,2763.905751862395
10920,14896.04977411927
10921,4832.490186625196
10922,3364.593105114659
10923,791.8890706063298
10924,975.584302488141
10925,1105.5613598931063
10926,767.6811646374777
10927,2883.189217716671
10928,6948.244228775709
10929,2561.0937145479843
10930,2221.40263786988
10931,825.1665847609816
10932,963.0307956555794
10933,15293.691223925141
10934,990.22775769175
10935,1516.2697842641796
10936,7023.782142723239
10937,7063.422410274778
10938,343.64132571134223
10939,2570.505030586709
10940,6961.109812392265
10941,11157.187361519711
10942,543.6601934406126
10943,760.0454058140426
10944,1657.1456942693949
10945,814.4968246551157
10946,2128.4049594018434
10947,1262.339152560608
10948,6360.822736717182
10949,2250.954787030658
10950,5947.466882809156
10951,444.17983039396813
10952,2611.5443081722406
10953,3156.205909916768
10954,728.4529566663728
10955,2551.4595207988477
10956,3022.1737609462657
10957,836.3115757977098
10958,915.7923285287175
10959,9161.50171145118
10960,1721.7788912701571
10961,616.4759560692955
10962,6608.876048785947
10963,798.8297557654537
10964,3095.2551346473197
10965,746.9157116081396
10966,13122.980293293615
10967,1186.62953197885
10968,1797.129293959163
10969,1154.4433739757333
10970,542.2479922794246
10971,2642.106251781858
10972,4735.21045588426
10973,4178.636513033865
10974,4053.830627460222
10975,1728.86938102586
10976,5651.041121824581
10977,5163.812813466244
10978,639.6432808163513
10979,923.3111226651718
10980,1615.8484850952536
10981,8411.61537881665
10982,2159.5049797863735
10983,7283.498791604996
10984,3361.243929081874
10985,6254.953850654457
10986,3525.866108153843
10987,16081.884953248247
10988,4780.130719032002
10989,513.3497748637924
10990,5662.043245310631
10991,950.9758277116152
10992,987.9922750937276
10993,16675.55453293803
10994,1209.4649353796403
10995,14935.302602999007
10996,1952.0567787489174
10997,13248.075230059363
10998,977.3763930217578
10999,1547.691359061445
11000,5747.147061448899
11001,4064.575673980082
11002,1529.770610466006
11003,3323.4752181034987
11004,5582.6576347991195
11005,5359.266587815588
11006,957.5361001845977
11007,1542.154875561641
11008,772.334284161419
11009,719.3322417620125
11010,1300.0570738358479
11011,12057.354736043198
11012,1166.3230711923352
11013,8828.401584775645
11014,11569.39943141751
11015,1512.9973498699433
11016,3069.3309836936387
11017,4158.876335627842
11018,9931.67249760011
11019,2724.2227221195617
11020,2279.3919163436376
11021,4870.066709018652
11022,7676.735594874073
11023,11979.904806932205
11024,523.6647299558531
11025,440.72680882489703
11026,1104.3701818492545
11027,1028.2320522032442
11028,576.7027571774047
11029,1777.252108095901
11030,2030.8857791480389
11031,1688.7740508975053
11032,2500.158597961279
11033,6378.85447031483
11034,5156.653192601196
11035,5619.175895969076
11036,3877.949712557767
11037,1066.5121224162826
11038,6232.871265596507
11039,16506.09892490848
11040,6397.39348804261
11041,600.9606409470448
11042,477.7056654812304
11043,865.7313262689418
11044,4909.103197901497
11045,562.026710439578
11046,1171.7757308575733
11047,5648.28869799897
11048,5861.6498067034245
11049,1909.6043411694402
11050,451.41697732202283
11051,11257.716022414872
11052,12505.675224252083
11053,5558.0644640132305
11054,930.7505783796337
11055,1366.8451567704747
11056,1858.2233547527649
11057,13368.529233635074
11058,3312.7810464523054
11059,5369.643991077149
11060,1841.3696131744432
11061,681.2824120826572
11062,1692.4548178439768
11063,3273.2477134369747
11064,786.7415075883027
11065,716.8193385790305
11066,7012.8440328068145
11067,723.0827849473203
11068,5671.5529900760885
11069,1139.231940784056
11070,895.1973275446867
11071,609.8763765098456
11072,7418.546525335967
11073,4996.683458238974
11074,2617.7301689859137
11075,1701.657182730794
11076,1393.175684039882
11077,7268.484082124306
11078,860.8494058451752
11079,3908.989401433817
11080,3460.451844770013
11081,3834.347388745096
11082,954.622099240326
11083,11394.851098898049
11084,4664.598314842805
11085,4524.804507638639
11086,1819.7765919220628
11087,477.88048548160987
11088,1543.85722375136
11089,3028.620275663562
11090,2363.9570069305087
11091,1077.4555647492716
11092,13320.439050867086
11093,2683.1034130120224
11094,5021.190895040743
11095,2601.5699709941664
11096,1471.4800452276404
11097,578.3362206895667
11098,2161.1107302505807
11099,1017.2116650927396
11100,7040.9362191273285
11101,9401.200238720583
11102,2172.502022625355
11103,875.2034524884148
11104,640.5868695392965
11105,4245.922894605189
11106,920.1110926785277
11107,4381.136800121413
11108,1916.9006968770461
11109,824.5563018382582
11110,3135.5769098080186
11111,4854.854743357483
11112,839.4500845025441
11113,1087.6494510669236
11114,1896.1336129292213
11115,2245.8394617077142
11116,4157.483979703757
11117,644.2509766397707
11118,730.253063084705
11119,651.9251305096709
11120,450.27123256791083
11121,878.6947752918286
11122,12145.967864038359
11123,5022.619766906466
11124,14066.684126073838
11125,3325.667585208452
11126,983.3623362832573
11127,436.68847200444543
11128,2147.7747515776073
11129,585.8998003728416
11130,1598.6133649935596
11131,892.2743822842776
11132,4355.9424122830915
11133,14480.159222712184
11134,1986.5630764631828
11135,6253.695718521675
11136,3216.634094614062
11137,8337.414873109978
11138,17100.728925519616
11139,739.2864828504062
11140,1874.4177620890796
11141,4264.536175274112
11142,3586.1534474013615
11143,2833.2630522155664
11144,7390.617409715984
11145,771.7593815139908
11146,548.0356325475559
11147,9978.794413708296
11148,753.7305441479562
11149,2273.852065861197
11150,4061.2306636049575
11151,2346.6444238714957
11152,17083.568557796985
11153,903.9393548461899
11154,8605.326100731934
11155,2109.944337020525
11156,7047.213198622116
11157,966.6003910462723
11158,635.614552411666
11159,4695.613518912818
11160,651.3713647283989
11161,1163.2552166045516
11162,388.86334765734136
11163,776.1893269581415
11164,524.9316728394883
11165,3213.2506415999815
11166,956.8430597036108
11167,2877.8318276047776
11168,11592.579002729226
11169,831.9919016359495
11170,499.56453250662116
11171,451.10141586023155
11172,1931.9882722952284
11173,4985.118558091892
11174,1377.9346093698355
11175,2832.5062050852575
11176,1436.7433132891692
11177,13878.52404460819
11178,6578.815127079558
11179,546.4416798124025
11180,1050.8952870892522
11181,1170.5303405843833
11182,5212.708555958137
11183,643.6483433016738
11184,5097.563894996645
11185,10849.547287067606
11186,4703.157484271105
11187,10703.230966766561
11188,633.7470475213404
11189,585.2095684250244
11190,1360.9760642514361
11191,4789.403627028444
11192,10354.374759322927
11193,4294.578916659412
11194,696.5815005175982
11195,2516.830440029161
11196,844.99177730877
11197,1744.8229622889871
11198,1886.03174704198
11199,2278.7361599022624
11200,764.9180260835415
11201,855.2323726781492
11202,2285.311524826438
11203,1932.472029801961
11204,6449.006207744543
11205,12216.95996354968
11206,1214.8710262291274
11207,2215.7513227728514
11208,2448.6394426183188
11209,8555.489033230493
11210,1665.3158657218337
11211,2556.8654889575264
11212,9611.266032719792
11213,569.0328890559085
11214,2558.6147602382684
11215,1596.9667430654513
11216,609.3194591619281
11217,4987.738495157643
11218,1835.8817055448244
11219,721.3528451587895
11220,1926.6315223335987
11221,2013.5042132919534
11222,525.5673188295764
11223,5446.941680840941
11224,7498.222365692001
11225,13187.496471636956
11226,5078.588676735267
11227,12378.531243426634
11228,9742.202000630527
11229,1023.91703438987
11230,2589.8457019529
11231,921.0311184042371
11232,2592.2031048978743
11233,1925.8786990686365
11234,3074.8641977460775
11235,1074.2960357014413
11236,2008.11230651867
11237,5350.467772782294
11238,8187.578386135917
11239,2933.2245293722535
11240,6124.383580762715
11241,4067.1129889104154
11242,3008.6969251813885
11243,792.2737713206047
11244,748.1275788096918
11245,7554.135197208481
11246,5468.967612400728
11247,2097.5857983766073
11248,2765.7977679877554
11249,790.8902060983955
11250,2267.4293292024786
11251,9819.240080110625
11252,5392.727342928998
11253,907.3630812433507
11254,594.0988288507333
11255,4784.567183643489
11256,2417.965797161816
11257,2114.445733519082
11258,646.0366525213885
11259,1312.9136384955673
11260,1760.801552539358
11261,6830.227340928311
11262,728.9499514580248
11263,783.3384393183069
11264,4721.385830258029
11265,10913.215594549962
11266,9233.012643612215
11267,14550.482855659164
11268,740.733699534228
11269,3906.6657829158016
11270,14133.913186696745
11271,568.0265163720787
11272,2116.840554072177
11273,17114.247621318562
11274,5042.367215386447
11275,1080.9040668391858
11276,6611.053024953309
11277,1001.6026166112215
11278,5256.060053881101
11279,1627.107547081835
11280,4826.058772429131
11281,17338.86186555984
11282,918.021853844914
11283,826.4775231588624
11284,1312.2218733237487
11285,579.6582120771723
11286,6253.070466178866
11287,6267.179335941555
11288,2730.2502545969674
11289,10320.842307910965
11290,1865.0289750572538
11291,2106.1917160661333
11292,1917.5900869987274
11293,1116.955804225412
11294,863.0513745820394
11295,6825.336237396265
11296,798.9722254220669
11297,11287.188468418959
11298,1917.8806349522106
11299,4652.861267908208
11300,636.2849591793179
11301,3455.8678866829414
11302,839.7464631796943
11303,1775.4243999538544
11304,16817.26293497662
11305,1018.3446222423204
11306,4394.824417458945
11307,512.7508660692924
11308,15050.868526436889
11309,417.8961196214718
11310,1293.531918154079
11311,1006.1384557045781
11312,4144.274924806484
11313,1898.5668644685709
11314,1163.6939806700702
11315,4543.971044245391
11316,1265.8403150828512
11317,2279.2930635430002
11318,4284.527579758789
11319,10699.411578412019
11320,3518.5639095404395
11321,1571.0890083142567
11322,1747.3128159211647
11323,2833.0882650693156
11324,6024.5518325276
11325,720.4646945122672
11326,8983.078831968503
11327,9020.166969426198
11328,789.8584049329011
11329,901.2774706245532
11330,930.5713517586528
11331,3083.732705873965
11332,5098.007148389503
11333,1257.436170516532
11334,693.4483915822425
11335,7430.085194455567
11336,746.5297617826909
11337,1248.6403325912784
11338,2537.0546672444357
11339,5520.573852518359
11340,736.5053931581197
11341,1126.559178288354
11342,16617.623381482
11343,4791.774000711743
11344,1236.381200925403
11345,7172.955607424817
11346,3133.5391463862525
11347,5771.543698328519
11348,5348.229460230892
11349,861.8530750020036
11350,3076.4027871728686
11351,8601.035074065523
11352,6718.213321516612
11353,464.42600187754306
11354,4294.591358225694
11355,1100.5680766182973
11356,960.0092482104806
11357,1444.8569020981313
11358,3525.234219477199
11359,7931.940148006903
11360,1387.1401827031027
11361,2376.4455511697433
11362,1871.4108253470645
11363,854.5213544959629
11364,945.9598341058213
11365,1848.4424033901764
11366,1643.057713362361
11367,1993.8929971811726
11368,8868.809301984114
11369,4272.417598097007
11370,1818.194709458025
11371,2397.7430780825352
11372,841.0333575088916
11373,3155.873372140984
11374,994.282133603911
11375,7706.845567863051
11376,1866.6966611114121
11377,1625.1126943888166
11378,987.788966737924
11379,5943.742485278669
11380,779.4810183805607
11381,886.7680400782474
11382,655.9325922494254
11383,4339.712853782887
11384,4281.074044946947
11385,850.0748248316327
11386,553.4929804771441
11387,6253.695718521675
11388,588.4988728740441
11389,1715.7591859270733
11390,928.8710198507465
11391,15278.881833621193
11392,7087.509579307875
11393,14731.16528397976
11394,924.4702686805572
11395,959.7891335050454
11396,5821.879655777452
11397,4744.716963671993
11398,1234.6429555397472
11399,3150.861998863562
11400,2757.235690737553
11401,4521.158877533746
11402,3063.8182198855548
11403,1437.853274981106
11404,473.9617497707136
11405,4051.0760067969723
11406,1799.30465908924
11407,992.9432530066465
11408,570.0718327576287
11409,821.8489006606592
11410,535.1385102419445
11411,578.2408704037634
11412,1200.0205491801235
11413,779.7371208923464
11414,10617.379466782648
11415,1273.826637587024
11416,912.1534945374924
11417,1109.2278406633095
11418,898.7803258831032
11419,4707.25617202665
11420,4511.553772504136
11421,385.63027728634734
11422,1730.3730838692968
11423,389.5565907847031
11424,2654.4801668002224
11425,857.4309911163814
11426,3962.1946714054384
11427,786.6569118556422
11428,603.6598416148095
11429,526.3148864490572
11430,5683.858421023276
11431,5503.723624644519
11432,8466.323037945405
11433,9062.132031499676
11434,904.5982592457472
11435,4660.017404480033
11436,4892.621006654637
11437,4974.176920559075
11438,769.9348369472737
11439,1106.8832443103397
11440,4808.641154206918
11441,5937.69894494487
11442,477.11484516332166
11443,891.1995630384336
11444,920.7245574270096
11445,454.584374752882
11446,831.5856744403122
11447,3372.5661962051217
11448,4474.664639937764
11449,606.2930697956754
11450,953.5654643152134
11451,3815.2547409968256
11452,678.0315452742389
11453,6814.206275662516
11454,13004.159432936382
11455,3723.80157502349
11456,958.9367026348827
11457,3531.196049690435
11458,1608.6618858385564
11459,14019.06995187768
11460,883.0337900504492
11461,2944.051267713689
11462,3770.242070370009
11463,5750.714620889368
11464,680.2790678976885
11465,4233.236033834355
11466,4709.227027917993
11467,615.7430894044678
11468,6664.229329374622
11469,791.8165149928682
11470,692.9886543597836
11471,6187.975224051894
11472,8100.824082427856
11473,901.9964894087984
11474,1361.879676779769
11475,4242.167589700827
11476,545.0159812269903
11477,569.8457877045448
11478,780.5000402251176
11479,8554.521866891226
11480,1410.152154281575
11481,5530.508018011993
11482,12547.82516056589
11483,5786.839618663298
11484,11563.499962365386
11485,7931.358473187343
11486,297.5607656166976
11487,359.4472351868385
11488,3349.845501989396
11489,3943.037331848061
11490,906.3006186481025
11491,1909.215488434103
11492,2101.9769599060874
11493,2098.0086892296395
11494,1420.4046415025937
11495,1020.4405192906029
11496,1339.7951745120035
11497,3849.152118006093
11498,739.8673630810868
11499,1394.0169071966538
11500,343.59738956129377
11501,3014.7811403155306
11502,11560.692448491001
11503,5391.0444006131875
11504,5001.78399492147
11505,2427.87057362665
11506,1108.090509400928
11507,7355.812734551606
11508,2641.169249701538
11509,3401.136142791059
11510,10938.194914601678
11511,10659.917075110923
11512,617.8769744248498
11513,830.0207169894466
11514,15142.058416320588
11515,1856.6233417687777
11516,1222.307953451705
11517,5403.923002022441
11518,530.9551320178061
11519,1121.118692211377
11520,1888.4075968326142
11521,9947.191241641838
11522,12433.825416201704
11523,3051.7775099588644
11524,670.0623042107659
11525,3173.2210693156003
11526,1958.7021643811186
11527,5282.762246693169
11528,6258.783591006477
11529,3940.2772991170764
11530,1519.6648256058234
11531,4766.3446775754155
11532,650.8449043517307
11533,3301.919676399765
11534,3498.602001958591
11535,4249.442524886414
11536,1910.679571386048
11537,3321.4519483496065
11538,5055.209894384568
11539,1211.4337291014922
11540,3078.757585385205
11541,2438.543730998637
11542,701.0816907354283
11543,789.1104541176951
11544,2132.9354658131815
11545,3459.6698024227608
11546,2514.319766483556
11547,627.3495264932126
11548,3183.0151710459313
11549,1550.8277926000078
11550,5039.602794457446
11551,7725.863779020745
11552,2957.701293244978
11553,4777.13264743473
11554,8789.802237149905
11555,1199.84173683382
11556,530.1533402536302
11557,12207.185534860331
11558,2330.2978582608057
11559,806.146390724115
11560,815.1268537578021
11561,6349.490229442132
11562,6961.53137199604
11563,1562.4629017438092
11564,671.054260270224
11565,2715.9895806708682
11566,656.69624390643
11567,5846.489389263848
11568,9772.423392004248
11569,4272.211981074512
11570,4917.598089281912
11571,1505.570962863615
11572,2264.4903150411355
11573,619.5737809077859
11574,603.8350364370913
11575,939.8211908057024
11576,2212.0330484336314
11577,2379.097540544857
11578,978.9130217911602
11579,614.677239061291
11580,13423.768259173514
11581,3601.1373656853357
11582,945.1415587259903
11583,2432.4087072873463
11584,782.7933380497307
11585,744.1735169310864
11586,4858.8548045530315
11587,5277.807950238055
11588,5052.21772655102
11589,1029.8880314731728
11590,892.4787794291451
11591,9406.657349901665
11592,1456.2199158213102
11593,1115.3866016560492
11594,868.6044041238029
11595,1898.375393946721
11596,1547.767771461722
11597,827.9184666933247
11598,4493.917110575074
11599,1912.697312897715
11600,1618.202938643617
11601,2361.2253441546563
11602,4606.9949417087
11603,6372.328884877505
11604,526.0669911469554
11605,3860.876444562011
11606,4344.450373499592
11607,502.25696856232344
11608,496.1026330450418
11609,3135.6526246628814
11610,3064.4745099567067
11611,2695.40528556387
11612,1223.5633281162054
11613,10695.97702141399
11614,1212.5097753693153
11615,749.9908964923161
11616,4067.716772837205
11617,394.8747227133026
11618,878.163895473479
11619,939.4962087240974
11620,756.6499281004876
11621,675.495059775662
11622,437.80887003498583
11623,8248.534925180475
11624,724.7849268686123
11625,9252.180795311424
11626,3318.6696262185515
11627,1505.2444963436892
11628,804.4990158457963
11629,1004.2276529909095
11630,656.5172498144552
11631,1360.3358971441457
11632,1602.8762211459011
11633,2883.1459205114397
11634,1676.6100343102053
11635,4193.735651153976
11636,2437.789581831518
11637,15185.284768927842
11638,661.2747429837609
11639,6146.303810691042
11640,4115.100753217577
11641,1745.5094624513927
11642,12827.840219748448
11643,1760.0090099684635
11644,3724.1331288920446
11645,1550.5734431738251
11646,8065.008941143131
11647,4534.364525935674
11648,634.1103227944136
11649,643.9171540443522
11650,4146.331521447576
11651,1927.0307693863758
11652,2962.639836293113
11653,1620.4024324757956
11654,5607.316088501159
11655,3021.9820037490895
11656,14885.961038541347
11657,906.37975608435
11658,751.7584261114216
11659,12532.97890495173
11660,5233.266013596931
11661,888.3227097249755
11662,15192.177900858938
11663,2535.322875687757
11664,1775.0453759985053
11665,661.0562351414942
11666,1318.8279632954882
11667,919.4816741404911
11668,2277.4216136571836
11669,3974.8969347808925
11670,2766.9694759318554
11671,699.2333720194533
11672,4074.1828601105162
11673,6429.838296681664
11674,883.8458867653171
11675,933.048719247477
11676,973.9601305190122
11677,8871.99186427893
11678,2003.8459330776004
11679,2724.9796474560794
11680,5762.867665562694
11681,3467.151891391126
11682,1000.5133661933505
11683,863.6122503143924
11684,1731.4827130956328
11685,525.223291852165
11686,515.4470372524756
11687,11328.062992971194
11688,13319.08334302837
11689,8638.611113691168
11690,935.8614196954463
11691,652.1026828276367
11692,8779.423523507532
11693,6853.019906706092
11694,1409.4787190229272
11695,5682.843257913448
11696,3370.632270053804
11697,864.9498014355299
11698,1414.8783529853672
11699,14284.226380412816
11700,5057.74381237885
11701,4836.029913787182
11702,588.9495101395587
11703,3019.76596314436
11704,3396.663761210349
11705,12749.287461689628
11706,853.1026617496218
11707,6250.928216458553
11708,5608.46671839435
11709,1654.267617068207
11710,2934.882141262172
11711,585.8460003753898
11712,802.1355300573528
11713,630.9810228360116
11714,2189.630248250871
11715,577.4107599133395
11716,1847.2301162747158
11717,1359.4039732311785
11718,1824.8325922398817
11719,1614.8287471689932
11720,4645.6752416205545
11721,729.9220755859947
11722,767.7598034794205
11723,6618.710717648484
11724,1082.2222667044102
11725,3325.697078004503
11726,3365.012696212645
11727,1895.6209030587713
11728,13703.159362865259
11729,9078.281303554915
11730,2018.0155960229763
11731,12664.283280872309
11732,1348.9394775298033
11733,643.6225953910707
11734,527.9146513332971
11735,742.1777995213324
11736,5392.124757526548
11737,638.4066051439777
11738,4233.161593859149
11739,1417.6105080683838
11740,956.5337463280557
11741,4450.339802421373
11742,6081.44171980765
11743,842.5433778393472
11744,471.5392997613112
11745,818.6871586866505
11746,8896.995565894787
11747,1230.2314731642277
11748,1023.932358287871
11749,2876.938073302785
11750,12023.312926874818
11751,4964.6042215786265
11752,1342.784140561354
11753,1059.3330728466713
11754,829.1981710556784
11755,13468.535422043655
11756,9648.906770444564
11757,966.104223670392
11758,737.0755386148667
11759,5206.141966111205
11760,5146.791476952958
11761,1581.0117368796905
11762,1942.5507065712686
11763,11440.024865758816
11764,1544.8400960703975
11765,2017.5382362055543
11766,3346.140131772817
11767,15888.83295492776
11768,1837.9900839640031
11769,4546.987626805387
11770,5782.248679496384
11771,598.6773455607095
11772,3199.0083363015015
11773,689.8464574972827
11774,6730.047615281224
11775,636.6029498836474
11776,4331.285313874602
11777,2530.135860269531
11778,592.1152903723055
11779,6872.420365520911
11780,11428.558403421115
11781,1642.2364562103753
11782,654.70205509576
11783,4188.465892763904
11784,650.0527825611753
11785,8439.917461184541
11786,2750.388657627952
11787,15573.71748507442
11788,3833.068316789362
11789,10676.809836302416
11790,1748.355921201046
11791,6609.020705260889
11792,568.2275249299896
11793,619.9851415512117
11794,6001.730187088851
11795,17523.792741468795
11796,3479.2840302519157
11797,3210.3252772387987
11798,744.4248331024501
11799,5961.657603510919
11800,2968.058561070909
11801,5405.00652821564
11802,15016.534048316033
11803,647.3980314868886
11804,3239.1880753404594
11805,889.6959110513371
11806,746.0876336019337
11807,4379.207747246054
11808,650.6280732556829
11809,1149.5909363668188
11810,5928.886103024198
11811,8692.692619485777
11812,8820.390414343103
11813,2488.2081120613047
11814,2561.12626388238
11815,880.8664102415523
11816,3472.1096024009285
11817,841.9979825572736
11818,980.9392285163681
11819,10413.47658459643
11820,8563.307535490527
11821,573.954948834999
11822,1697.9202143242865
11823,1016.4052641603025
11824,8890.955380729589
11825,7887.750523573512
11826,819.3960638802905
11827,1035.3043768200946
11828,2518.3133679009466
11829,5004.610925553516
11830,2724.754682918203
11831,1880.9213651413875
11832,5257.148793127627
11833,5716.877252310685
11834,3890.274408469765
11835,2292.8661916130313
11836,673.3283165577318
11837,7903.348491994533
11838,3275.6974885091313
11839,881.7033407065719
11840,2453.5659614290926
11841,3522.993593428701
11842,960.7765531923992
11843,6352.970314339149
11844,5007.41697323802
11845,1811.5506278397274
11846,3110.2030994686415
11847,2553.844014892654
11848,5929.561524095972
11849,4642.031141957855
11850,5684.799931063806
11851,869.0007533591615
11852,924.2430284511629
11853,5030.868122313652
11854,7200.252314633714
11855,4665.1718417557795
11856,570.8377015739316
11857,2082.579215963873
11858,7780.811060347913
11859,1266.5212822351496
11860,1070.0843296820576
11861,2470.4707365836066
11862,722.7794856639466
11863,4392.495120083971
11864,2746.2258931834685
11865,587.3703677180838
11866,892.1636846449778
11867,578.636674757026
11868,14318.487514531751
11869,10327.707527087068
11870,5192.439643831376
11871,4879.506936529884
11872,622.1220130158022
11873,1052.8354664753724
11874,12814.451412916198
11875,13360.537812637609
11876,3215.9046097563273
11877,1646.263690337068
11878,767.5874653309074
11879,2907.9776276163066
11880,592.3865800848757
11881,4240.872972073988
11882,6664.805284925655
11883,1518.3391106768622
11884,2172.1807516316376
11885,2906.556815097896
11886,4517.271589417251
11887,737.4388408599339
11888,1189.3144637146634
11889,777.3549316358417
11890,6332.664582113446
11891,1593.3139185163782
11892,529.4875141260231
11893,2713.3922178632392
11894,2626.843723982749
11895,5895.129026121102
11896,884.1897936102719
11897,7655.160090462365
11898,8423.469780391133
11899,4451.689363889059
11900,1953.216334181736
11901,924.5760157045593
11902,1885.2342385798952
11903,6866.188681617314
11904,4346.165902708215
11905,5871.86833021407
11906,956.270699823106
11907,3444.503433268891
11908,430.143179759551
11909,332.9899616774551
11910,2585.551105817386
11911,3923.5264029132563
11912,526.1023611188439
11913,914.7514358745452
11914,7507.1062899318695
11915,2738.710663739977
11916,2452.6411185005163
11917,14304.351136054707
11918,4616.009569845818
11919,6725.811504655829
11920,1184.062264577111
11921,4877.672472227621
11922,6094.361364630356
11923,1009.8271455411864
11924,6508.071978922573
11925,4655.7191303821955
11926,15777.894018702737
11927,4253.633820183518
11928,1167.796767617126
11929,7708.463171500118
11930,324.71819360924474
11931,1173.6431355805043
11932,6745.461946796646
11933,5016.507685703177
11934,659.061906708509
11935,2413.3304542725887
11936,1876.5451231389952
11937,4936.035333314892
11938,850.1721606489541
11939,926.039118791788
11940,606.0429915461141
11941,3318.795045911202
11942,3617.2083449493693
11943,741.1578545213556
11944,560.2738057219435
11945,3062.4302425159394
11946,6562.95672413263
11947,2885.7893242140494
11948,1148.5408665821578
11949,668.4772167664369
11950,8764.280969197513
11951,1557.4748911352222
11952,2710.982166264156
11953,4527.348281473027
11954,7612.639386258339
11955,1985.7406357926343
11956,822.5276395528685
11957,6574.290216736188
11958,926.1977427644315
11959,786.6017792582779
11960,447.5993853782179
11961,15738.145940033944
11962,4529.636127093089
11963,3176.0337243956847
11964,2933.7456438278773
11965,947.7359784030195
11966,10665.165359577712
11967,816.8425349208273
11968,4428.778383992488
11969,4231.959615527523
11970,3253.0262897813463
11971,535.1737645087442
11972,792.1363079781886
11973,2378.5396286339305
11974,3163.140088540994
11975,1053.4134410506495
11976,2663.545927093396
11977,8871.29282219696
11978,3647.349265256708
11979,5581.544977441193
11980,5209.8899877582835
11981,2954.605283181896
11982,8024.1767332096715
11983,6229.029922982057
11984,2259.3327989131103
11985,1477.193088131196
11986,884.0446741361748
11987,1785.016879026437
11988,1169.0736173710893
11989,2654.472717345378
11990,910.0528143725519
11991,935.9474381982104
11992,476.18504528371614
11993,321.9616589718398
11994,7721.318773936204
11995,942.4844844038407
11996,624.7293391667836
11997,11803.103642785441
11998,10111.283946472566
11999,2538.4903026508346
12000,3700.0904911457965
12001,2711.1906169724343
12002,3719.311993217498
12003,1769.4355613470625
12004,1192.139070591622
12005,3410.3645485078614
12006,657.4736637880192
12007,15086.59233574089
12008,6083.603973876172
12009,710.6141280200486
12010,14301.822363880885
12011,3014.215036719741
12012,3648.30105385724
12013,2492.9292533630396
12014,539.7933465804676
12015,2924.7393828403983
12016,3356.226454358807
12017,3560.3942690733866
12018,6002.468332932331
12019,546.8466084256379
12020,3000.6584508796664
12021,847.1695038875337
12022,2836.3074704504324
12023,1798.5067174392448
12024,809.8615236336518
12025,651.7111095430482
12026,4924.642782856669
12027,1724.4817565059743
12028,2848.2860849975423
12029,2328.675790276874
12030,7299.502454502186
12031,5728.552884054683
12032,2064.1028573377016
12033,3499.109537730438
12034,11230.633946669528
12035,5059.97466524564
12036,831.4980271668105
12037,879.67868530437
12038,8247.802314315773
12039,4716.851912009552
12040,1197.0532746582426
12041,7860.060750251748
12042,854.3930820166916
12043,4901.699212357961
12044,11731.158980709015
12045,2338.046058536443
12046,6198.56956041154
12047,5081.386237821482
12048,681.6393397200313
12049,1897.2794372021517
12050,4554.947655490657
12051,6525.8782293378445
12052,2102.2149126821773
12053,10771.268078830788
12054,15111.953963495745
12055,922.5749195657004
12056,10723.413108725188
12057,17390.98258092766
12058,4753.192276897958
12059,3936.704374570055
12060,819.7937003545107
12061,4217.656191037947
12062,3549.2841482990275
12063,2130.3774154715466
12064,4319.442471990455
12065,740.6868584886229
12066,2709.7780201998603
12067,4362.621224207457
12068,3607.2647571329226
12069,1769.204163784424
12070,865.9720458997572
12071,825.264717568049
12072,3661.6284415831174
12073,2672.5961223407685
12074,3838.5081916568993
12075,7013.005895835691
12076,1635.9243662469912
12077,2258.2428267385876
12078,5836.994969458041
12079,9322.57100153831
12080,1573.240113518616
12081,1360.3925486350831
12082,4307.205137681201
12083,6449.746290822613
12084,1403.9309005641067
12085,7350.776982433701
12086,3220.8147298269632
12087,6825.249038548129
12088,1050.0886835298802
12089,5676.85479252752
12090,15916.551179679002
12091,1477.898074104602
12092,4383.328794079529
12093,8142.7312052409725
12094,9983.694974642363
12095,8506.129486345453
12096,587.357784115502
12097,2556.3297358207287
12098,765.1501681679706
12099,719.8878995416994
12100,5155.39379508754
12101,826.7842623273245
12102,5474.2675307143745
12103,2577.484142951157
12104,4317.592455488883
12105,18397.320126671046
12106,16134.416083565602
12107,3164.508813132213
12108,2786.0495881688744
12109,680.5241133282361
12110,5767.475854820858
12111,814.4794658525566
12112,638.2303896501085
12113,3113.8663700508823
12114,748.2224876274436
12115,9274.782839465548
12116,3959.7786986470223
12117,16261.641723061866
12118,4177.303730604097
12119,4967.292850963559
12120,3072.201384090235
12121,3243.3647811910414
12122,1030.066316060847
12123,654.2950652521686
12124,561.153825536047
12125,4800.408794142116
12126,2770.3960027920866
12127,1458.9654239603947
12128,942.4881934245773
12129,869.6333870765625
12130,1251.1543442907087
12131,929.2014423360115
12132,1005.9303654262799
12133,7360.576486408084
12134,11737.033776745666
12135,3489.1534785957183
12136,5679.214641850011
12137,4344.292166128897
12138,7388.061116129068
12139,628.4692304489595
12140,643.4018509376592
12141,927.1965222392078
12142,811.0177883638562
12143,566.257399812821
12144,615.4742768668916
12145,15912.666343110028
12146,9167.571621595102
12147,7197.413598793321
12148,16932.63728644618
12149,667.9573627323307
12150,2193.8896402909577
12151,857.0814126665714
12152,601.3079175779394
12153,893.6910287686069
12154,981.8185190447784
12155,1741.4578872447537
12156,14699.05695779287
12157,4217.90679468152
12158,16345.06068932491
12159,6087.688408873454
12160,5081.094865462864
12161,5779.161950498743
12162,2420.509076306602
12163,600.4878661239909
12164,6526.821291519057
12165,2027.5273067165106
12166,5044.651227023712
12167,2653.4137379259164
12168,5759.851553707722
12169,15983.02925069324
12170,5411.404391817976
12171,584.4196446270748
12172,1913.3599537176765
12173,2508.089781460471
12174,1353.8487946860414
12175,793.7006295556744
12176,2515.5615829570634
12177,1922.3283352153858
12178,4079.0148705118736
12179,1877.8612026284159
12180,4929.217058061702
12181,1063.8866921373583
12182,1115.6418108323392
12183,12024.498034800541
12184,2122.136056035616
12185,16476.85820732366
12186,5512.450139370257
12187,895.6708673302869
12188,5040.036392990292
12189,601.9435942199302
12190,9921.055719886997
12191,4882.586041177551
12192,5280.8703056489285
12193,2795.444840898068
12194,1420.6111453496073
12195,2983.546079062902
12196,5205.565299302389
12197,1795.6645511832567
12198,4225.522611250014
12199,620.2360414541859
12200,1864.2988589910487
12201,7560.0372384259
12202,3028.3555077121982
12203,959.6404635501044
12204,1280.0400104313012
12205,4824.231981465891
12206,10998.884458842276
12207,782.3773123678288
12208,2118.078748329775
12209,7420.850625101781
12210,797.6010004493355
12211,661.0138574283774
12212,5023.060800023657
12213,7169.198607223243
12214,534.4094378623249
12215,1837.0641686690042
12216,641.4823251788312
12217,871.226804752845
12218,387.9353351319546
12219,1162.0142643538165
12220,1829.868587255536
12221,1956.8738433703616
12222,2868.184596607445
12223,706.6967514244084
12224,2134.3948560060653
12225,443.69056255731584
12226,4251.314521581207
12227,672.1819323379127
12228,433.12409026755995
12229,914.246142409274
12230,566.7546595304698
12231,471.3871795158393
12232,851.4147442156236
12233,489.46472344337235
12234,14411.477508424647
12235,2793.540147116413
12236,6669.023228103752
12237,3838.8777541649756
12238,7395.1851972899585
12239,4009.8457188378984
12240,3316.736270390328
12241,592.382761199694
12242,5745.523081981806
12243,2107.980091209869
12244,1859.4055405099848
12245,824.1837655166637
12246,1190.1319191264392
12247,4535.656965554696
12248,671.2641026127185
12249,2346.6628319644587
12250,1279.7983504771369
12251,4496.863469714751
12252,666.7508369190878
12253,8132.617685430181
12254,787.0059484535104
12255,3668.3001554726397
12256,815.8341344987157
12257,4565.671263962422
12258,1822.9793368646406
12259,3326.529395046152
12260,525.1584633271691
12261,9179.140156242052
12262,15488.249964756913
12263,9188.704984654134
12264,791.6652047173247
12265,5174.367125946246
12266,6945.33887191
12267,558.5473767349149
12268,2765.9856810688148
12269,563.7342838687364
12270,716.1776159553697
12271,1267.7334006956198
12272,8107.825196672153
12273,9769.78911985895
12274,3926.5679069375233
12275,769.9329658764318
12276,12908.38956336117
12277,501.4477126347151
12278,10064.041166091974
12279,1651.0308967722813
12280,8313.310770668304
12281,3607.5669057779824
12282,1628.4432279504135
12283,5931.490139937972
12284,15339.022639016159
12285,8685.030559963168
12286,686.1898962035389
12287,1579.4783845706852
12288,13806.24188116599
12289,2395.753695513746
12290,384.32136397927843
12291,2159.417280037689
12292,16839.59672574098
12293,6378.040308150414
12294,2100.1162303705332
12295,1078.3014971657294
12296,11826.087059318703
12297,5414.168857445889
12298,15426.909003831715
12299,6107.497628712047
12300,9091.196205701788
12301,503.60595238289307
12302,6691.960214071315
12303,909.3537786213701
12304,752.420487848512
12305,12549.669704584689
12306,4099.8997573074375
12307,6271.212421988778
12308,4144.505313606818
12309,2461.9843522588203
12310,4258.614470216676
12311,2014.2776564824135
12312,4659.454048322292
12313,2112.3908497372568
12314,7487.631500955527
12315,961.9469073861592
12316,622.3824589139631
12317,7490.948443824676
12318,786.3890593797769
12319,857.0366935591014
12320,3390.7425891346156
12321,837.9335338471465
12322,6251.6306557507905
12323,759.7726795122353
12324,6873.092381901036
12325,885.1235917698123
12326,2327.7290373095793
12327,7075.141099219551
12328,646.0604359008839
12329,3007.4674057314915
12330,624.0665458465801
12331,1770.4932060188503
12332,4326.160425428636
12333,718.9586153889991
12334,15057.158835257926
12335,10163.59604565107
12336,1352.5665021846153
12337,5482.728398034418
12338,940.3348118727308
12339,2279.577675065285
12340,15040.812482260279
12341,763.4175288600895
12342,4018.0066291978455
12343,888.2480727130655
12344,8690.958542069046
12345,402.66137261604626
12346,1671.3307807015508
12347,5014.5477858982385
12348,2037.7708163313955
12349,1959.3475923639405
12350,2734.290769280953
12351,1954.600172059508
12352,2081.1751344392246
12353,2591.7414128641267
12354,4242.999836437536
12355,854.3427653496401
12356,714.2095721527976
12357,964.969327303545
12358,640.7082438461484
12359,1437.4316756516068
12360,2841.0637370144623
12361,5760.935350070105
12362,2561.633021866719
12363,16662.495520833825
12364,2237.3645745940153
12365,4485.218619596625
12366,4665.169871928652
12367,4516.734847081227
12368,1640.2124319677855
12369,779.9403374654112
12370,2882.7375559990646
12371,2489.028322747191
12372,584.2260518349863
12373,7965.1856791327755
12374,566.3449275907874
12375,3233.691621243669
12376,5313.934147192866
12377,969.8606776969527
12378,3691.543883547504
12379,1699.8719910776003
12380,8836.023775304788
12381,5138.2535093229
12382,638.9146870059858
12383,703.3312751789508
12384,4766.111995624057
12385,6223.0584773610335
12386,574.83155248395
12387,17385.02999216511
12388,3154.4779992923695
12389,4634.051589221743
12390,10549.85224280495
12391,569.2441363626167
12392,17169.284297305992
12393,2007.9374355724121
12394,902.609344170713
12395,14269.508374007451
12396,7391.23116856651
12397,700.4602349570641
12398,882.4977654077488
12399,5784.9629707761105
12400,947.1141729987226
12401,4627.2063913768
12402,5642.078592379373
12403,2945.1481807162363
12404,1861.284699456488
12405,3058.4094761695237
12406,3894.581084423451
12407,1902.998380215693
12408,1154.6099105586609
12409,717.6799706050947
12410,7447.879833180243
12411,6135.759935339451
12412,561.0389339103604
12413,2478.5623647380444
12414,524.3634327024629
12415,904.6573302494435
12416,1973.1755449796208
12417,14403.876463548508
12418,623.8924310816615
12419,692.1617491211741
12420,1981.8418528527416
12421,5628.701852160777
12422,478.80763966696486
12423,2501.3594966658657
12424,12046.601938513915
12425,12282.822933682257
12426,5556.898749137052
12427,1679.3803630004454
12428,1003.8202581403825
12429,565.2417094074963
12430,5865.8963415524495
12431,4753.936511270101
12432,671.7083564177128
12433,4279.485592714935
12434,5448.458108927285
12435,580.4879857054689
12436,2666.5465880573347
12437,3356.8722426098066
12438,927.5711504383153
12439,2929.054609377082
12440,1173.219195092378
12441,2711.8914111176164
12442,4336.921363358069
12443,2668.3369346456857
12444,582.4662857177482
12445,1513.6341605807506
12446,4584.613455326048
12447,516.4253461035614
12448,6412.407085386858
12449,2887.1255055892375
12450,9602.958269653913
12451,15304.0891933001
12452,2153.4660057110705
12453,469.3664067815944
12454,2207.5893161659365
12455,3095.4432594926966
12456,2828.1172287867794
12457,3559.4136937240623
12458,7732.245171155735
12459,2826.370905609223
12460,917.2281784442966
12461,7152.114090972784
12462,10557.093057463786
12463,2833.172927354342
12464,1894.0647432654596
12465,1370.297753851265
12466,592.0622297363766
12467,548.9314075720263
12468,734.8065943525366
12469,667.0846377093699
12470,5165.885699248437
12471,3894.2090874652604
12472,8098.378477916683
12473,8501.99967589986
12474,2972.3604830864497
12475,5830.183569978545
12476,1203.445524029315
12477,2077.213583433879
12478,4081.436650716348
12479,951.4122607941554
12480,8338.294833605556
12481,880.9667899410415
12482,10097.509971107991
12483,844.3934167827774
12484,5597.943978104983
12485,4891.685490742889
12486,4209.875428698269
12487,859.214532720347
12488,517.7470565255217
12489,4679.106178489235
12490,651.2469573439384
12491,1833.9304863049756
12492,8875.319845480368
12493,1585.172494305375
12494,1765.7520448318164
12495,1482.6615853163407
12496,5023.533550596501
12497,2842.957030655384
12498,954.5012653314043
12499,2036.668982224911
12500,837.8748866838678
12501,8861.399720837118
12502,5057.781296841965
12503,998.8537570743342
12504,1033.067060488334
12505,11249.785984317783
12506,1558.6341567844747
12507,595.6431196652488
12508,4508.289322430376
12509,1158.3962814115334
12510,7601.418543236166
12511,1268.6790902491662
12512,3638.4784616560373
12513,1125.1247137407172
12514,16152.846052007264
12515,3497.7450846051065
12516,1626.3809146198914
12517,1049.31880111573
12518,6401.345232162257
12519,902.5554893762796
12520,12501.2439137361
12521,7563.9077687235695
12522,6221.924161049225
12523,564.3785867364604
12524,7149.532513977966
12525,9554.764880604791
12526,6803.150739114191
12527,721.6313513637874
12528,15725.261079761489
12529,1063.744310840601
12530,5108.635346304766
12531,646.3214450633513
12532,1513.207600875126
12533,3690.183270938475
12534,482.36189450908023
12535,1511.4677956401802
12536,953.4315678903872
12537,640.6179385823793
12538,5447.579650335471
12539,723.384620183173
12540,5116.751050024889
12541,1530.1472710617636
12542,512.7281904097845
12543,16034.392934300644
12544,7163.652769410536
12545,1273.4508801228994
12546,6137.672111794316
12547,512.3331043185626
12548,6001.324569146724
12549,1294.861669430375
12550,970.7454258259695
12551,5574.669373820536
12552,667.4681300044044
12553,489.635856238036
12554,4118.238187100896
12555,927.2153731540702
12556,1081.2631754858548
12557,15911.74842741329
12558,5156.944447163332
12559,16019.852014797376
12560,672.5896839292363
12561,564.6578069664165
12562,1707.035312751263
12563,1071.4145984565816
12564,1772.681166287809
12565,3441.721452118429
12566,9014.534651853462
12567,868.4498704548037
12568,3692.447034803859
12569,384.92755943402426
12570,4471.6512788098125
12571,4660.176261443102
12572,15788.452910771433
12573,2786.5989497404757
12574,858.4201484245291
12575,364.57948900420934
12576,2609.908517873354
12577,680.9815449867287
12578,2739.8418093471155
12579,9532.217461873834
12580,7772.376999039634
12581,1056.8887503532806
12582,953.9292351674176
12583,6897.559482584717
12584,769.0556467992733
12585,1067.1990795497013
12586,4720.947464260166
12587,2216.7662643490576
12588,9728.780964894553
12589,5399.535202672557
12590,11540.654604940508
12591,805.5018940230384
12592,908.2800087148917
12593,479.6278527767622
12594,453.4024534405389
12595,2421.365200410237
12596,4083.3140149811757
12597,359.8521498883715
12598,936.6994948317811
12599,984.6931551982075
12600,2896.9395417620362
12601,3203.98407618667
12602,1013.2201558532474
12603,1199.7242896329112
12604,1078.8404318221287
12605,8049.359513726795
12606,15857.823666808315
12607,1138.8496215388855
12608,1989.2108999625302
12609,1678.7604458233782
12610,755.3950620616324
12611,1589.5026506816225
12612,500.91005145820327
12613,1173.35358183169
12614,861.7353925919278
12615,1928.5067749681994
12616,2636.7417276640354
12617,2911.915366143832
12618,1842.0644760342338
12619,8840.519643587213
12620,783.0117850809511
12621,5282.913753741885
12622,8528.239880160218
12623,848.3394373871079
12624,733.6989287388747
12625,720.5249142871926
12626,5688.881372248482
12627,929.8545694969134
12628,7741.520651929723
12629,2754.3368241203743
12630,598.6572000080978
12631,816.8849554434337
12632,449.40710592580535
12633,1306.4272082023322
12634,7122.9341156498795
12635,4944.288469187088
12636,4123.464342870451
12637,4570.55252066541
12638,14967.654666890961
12639,7670.01276614179
12640,1881.930842633556
12641,531.5566804283621
12642,12529.373772743204
12643,911.3151399858539
12644,2123.14784225087
12645,4322.404709978708
12646,9144.152916848872
12647,1589.6975106669424
12648,3807.1160954529373
12649,978.4937695387157
12650,1853.914659027384
12651,2913.77163007587
12652,1020.1844684404673
12653,2483.7260173734912
12654,1005.8232629773279
12655,5572.760321471731
12656,6202.914098719748
12657,1513.111841456071
12658,11156.46525173154
12659,6822.023811965028
12660,3614.150156563304
12661,9999.861662541005
12662,2280.0036201164185
12663,5666.501617544309
12664,2694.120081203191
12665,5582.076372164187
12666,4668.386212180694
12667,10563.05593048866
12668,335.39746431908316
12669,2070.833403570625
12670,4246.175018901814
12671,3887.620219648781
12672,1133.251923649494
12673,2672.862648891045
12674,14590.275093613809
12675,2201.9677219545356
12676,9471.253960737467
12677,521.2191532136162
12678,1623.271757136757
12679,2008.2513980942058
12680,4666.435126666592
12681,465.2774053440644
12682,520.4253498221087
12683,3627.3707549328537
12684,1813.3484164886781
12685,2195.5108561221905
12686,860.9614286427163
12687,2321.4236997614207
12688,2489.4197523370617
12689,597.0595394550501
12690,1575.2821280189255
12691,12141.541176213865
12692,659.9756505506216
12693,1798.9615045416417
12694,2127.0002500319624
12695,5573.218293883434
12696,2639.538652489205
12697,1657.7164179289307
12698,636.5969990979324
12699,4653.94064340754
12700,564.363178659366
12701,7996.477413199649
12702,1008.6859448513064
12703,6464.722713664367
12704,634.5136561241916
12705,3289.5528196835035
12706,485.6504868227412
12707,3560.181947032811
12708,3043.8087063550183
12709,4889.467811722709
12710,1052.7562747507318
12711,4349.631951990148
12712,1214.406384642166
12713,10198.934687036599
12714,687.9903913963508
12715,1123.7395208657454
12716,2066.213860197865
12717,3633.5783055425536
12718,1533.3483960929998
12719,6135.4508243686305
12720,1233.6984547770148
12721,860.9556093147844
12722,14922.334584345677
12723,911.9573750273325
12724,2699.160656426533
12725,5358.682846864548
12726,4060.6756296474487
12727,823.9221406114875
12728,2270.306041003693
12729,2361.456500922339
12730,749.637450261595
12731,4393.227026335843
12732,3846.967128553033
12733,9988.760044331639
12734,11257.600105990357
12735,9862.544721497834
12736,9195.713262276362
12737,14241.420198880664
12738,1314.289453101399
12739,904.1709001462359
12740,6957.569048584059
12741,590.1106576539714
12742,1446.5698062614888
12743,561.112267799344
12744,4178.093768530754
12745,722.6094964972594
12746,1801.4623507334559
12747,10070.790380453847
12748,1273.3639375482821
12749,2577.55183956416
12750,870.7475014104721
12751,7414.615870487238
12752,2208.83639721366
12753,12167.739719119449
12754,3999.6475273093943
12755,3992.1533045486153
12756,5157.188329913921
12757,15515.134440942156
12758,11118.632624371567
12759,829.6587405092605
12760,894.8654888472611
12761,1605.617102455381
12762,3088.711059688226
12763,1013.8514134966167
12764,6280.055065203616
12765,17756.457977313315
12766,3861.790324508862
12767,921.947383874884
12768,7274.194824515016
12769,842.4585796523229
12770,1034.734333155733
12771,757.6231479148641
12772,1514.1931469520055
12773,6087.180409051469
12774,1909.0586162784928
12775,8115.431221049617
12776,3991.1329071221426
12777,832.8433479378336
12778,849.3966769083236
12779,887.9826901960537
12780,782.894282857354
12781,1094.9632797090908
12782,17966.57981093914
12783,4185.739518381607
12784,1373.6077965083564
12785,1662.7083281432929
12786,805.4673341248676
12787,14841.577533638652
12788,17053.67619242437
12789,961.2064590338441
12790,4335.510569361375
12791,5309.335927962142
12792,4589.119185883201
12793,597.0379959687302
12794,829.8794265285701
12795,1621.5843469710017
12796,4459.1612424820705
12797,999.099880016784
12798,1648.7143467116675
12799,10111.200835329842
12800,4175.431772941587
12801,5967.032918423511
12802,2035.1346934877656
12803,1222.8468205113418
12804,4836.380561230781
12805,627.3626522822251
12806,6017.787725344218
12807,3551.0303947268967
12808,462.423570227309
12809,479.51437851138326
12810,731.7283811633993
12811,1389.0346181080276
12812,1843.8070263226978
12813,2042.1800436256697
12814,4947.962744082957
12815,2051.8415149616794
12816,2127.86489362226
12817,6884.137871374106
12818,2441.8750622102634
12819,19110.50231066993
12820,2364.6314936915905
12821,11932.372022872496
12822,6093.79959173721
12823,3920.8411103265726
12824,3878.8790083435597
12825,2874.369720834255
12826,855.885073214662
12827,2164.9575804745873
12828,4408.200494560693
12829,577.6153426713518
12830,610.6897880486395
12831,983.8865491998818
12832,832.340525068083
12833,3334.254094097927
12834,2024.0283526898913
12835,3225.3179191347126
12836,2904.0080690188643
12837,3088.3408028436306
12838,1682.102051938346
12839,474.8751566759729
12840,2574.071550940719
12841,888.7364349865038
12842,14698.538613947636
12843,729.0138773677413
12844,677.7499046399494
12845,802.5760706122082
12846,470.91411861983806
12847,2664.2246283336995
12848,1627.9877273266734
12849,774.9954499122719
12850,537.4759753113672
12851,17425.47198737402
12852,2264.240466904301
12853,2430.7141446180067
12854,3561.7331779519723
12855,583.8540987485376
12856,3483.4407448146476
12857,1412.968297642884
12858,2765.88518405375
12859,576.822436062304
12860,4933.6715967253895
12861,4910.071084162469
12862,832.6394329384425
12863,852.6875622631264
12864,1280.8363668956954
12865,3496.3682393085205
12866,1576.8924456275413
12867,918.7943890552788
12868,7831.220479380036
12869,6452.7654379344085
12870,1746.1221296649296
12871,4625.917608732669
12872,929.3029756475053
12873,617.4083244884837
12874,8801.760401022166
12875,6132.528940807018
12876,3526.4716992315252
12877,8272.20350712008
12878,715.1953883364972
12879,3105.504748625903
12880,4762.895879397487
12881,5408.901762898327
12882,640.244267761293
12883,5503.941927522774
12884,3882.6480542819886
12885,2601.492207210217
12886,3439.396085756491
12887,16267.106846579427
12888,1808.5034334970878
12889,8600.538194751565
12890,5305.259133929094
12891,5831.91223560806
12892,699.645288098664
12893,3374.4128602310616
12894,6936.590228415775
12895,802.2388994282815
12896,838.6568604182294
12897,2531.9115189731824
12898,2376.0054178733208
12899,8760.814742838727
12900,6901.671108387862
12901,5434.410499864422
12902,2418.2027500829354
12903,5853.157408845147
12904,4592.476879749805
12905,7314.936343891811
12906,751.372423375883
12907,702.8467446143445
12908,391.6221065709492
12909,2672.5860740199405
12910,631.612526530158
12911,660.8725322515807
12912,2504.762377068205
12913,1740.673640808613
12914,6372.162751083097
12915,14329.567725973819
12916,2635.780170914133
12917,3324.460916600392
12918,11037.281231313193
12919,520.8654954828544
12920,16570.073922930897
12921,544.2906083917237
12922,1553.637746055097
12923,975.466467996649
12924,1824.1000661015696
12925,4275.727304901294
12926,4601.606658613311
12927,838.195972570757
12928,751.2189576715091
12929,1772.5446691929787
12930,1717.856738601923
12931,961.7484318731349
12932,841.3471114735257
12933,820.5427325082251
12934,1662.3187064878803
12935,3952.9930538648473
12936,887.1329939310413
12937,8866.73230207399
12938,1798.642040102317
12939,5173.485601227103
12940,4573.380207532684
12941,4685.671046600078
12942,4598.929570949533
12943,1294.2454885120596
12944,754.8096308561635
12945,571.1850735272405
12946,2426.6986543458224
12947,1956.0685039867378
12948,5092.476185702525
12949,4054.246214144651
12950,586.6124033853716
12951,2500.9723759573553
12952,6322.167087467729
12953,798.3898612358853
12954,15483.123981875238
12955,1252.0241006092501
12956,1737.0695336622884
12957,970.8098750372483
12958,1348.5970754264654
12959,1372.6931759305303
12960,3706.961160302815
12961,701.1641013877415
12962,3463.4634638773327
12963,830.4209262987811
12964,8687.309738073269
12965,2075.191711473115
12966,1884.276094060746
12967,6037.8000364916625
12968,692.770869183516
12969,4747.119806569367
12970,11297.08378013692
12971,1960.981945945806
12972,16002.920699536016
12973,994.2569892032343
12974,10842.98765067638
12975,1310.6915906428044
12976,1848.9695979271942
12977,763.2213013071819
12978,3576.966031204329
12979,1137.7105376114691
12980,799.3966081728786
12981,1971.532363855146
12982,2990.8554692768926
12983,14226.57382848246
12984,921.6350686271867
12985,6313.541655113716
12986,8567.627255855776
12987,5634.006742385478
12988,609.7443587342927
12989,3199.1662168062107
12990,1076.5853950506335
12991,5660.080473682559
12992,789.1331181338519
12993,11570.369453025642
12994,855.1935716309104
12995,1176.507460685577
12996,11608.105907538014
12997,5655.401857324762
12998,2909.631751060526
12999,318.48902359064414
13000,2343.5386089907106
13001,915.7485644031185
13002,621.0002756652902
13003,5461.420997266041
13004,987.3081936436224
13005,624.146662926632
13006,677.6924250620286
13007,894.151695519115
13008,4317.117303766798
13009,4494.930281481226
13010,746.1984780140274
13011,2232.443184245486
13012,5616.665914975203
13013,1152.7289811037767
13014,1313.0888275055127
13015,5585.946139686803
13016,5060.957935248294
13017,4898.396601161034
13018,836.6019116328557
13019,3106.7758280904136
13020,4630.217957861162
13021,1919.896108280533
13022,8608.064262196141
13023,495.0689033302283
13024,1386.8325925286094
13025,5853.796772888189
13026,2400.5408134170493
13027,1883.5752361181644
13028,7655.856549356713
13029,1591.844468742257
13030,820.8661716191905
13031,1689.600402689036
13032,931.612514827516
13033,4406.878736325418
13034,750.9380574017891
13035,4628.250956063992
13036,4072.1397887760045
13037,1616.2877736675623
13038,1115.4409243154291
13039,10315.292831332114
13040,15897.621870334879
13041,2996.904213677434
13042,632.325882776935
13043,1636.833917879574
13044,1140.7339234532537
13045,9373.185267174978
13046,8769.605432968572
13047,3448.8943574504174
13048,1707.9507812911947
13049,2799.783045457819
13050,5621.312102398268
13051,3392.2624714446206
13052,6465.556549103821
13053,2096.23973923811
13054,1791.1710876389216
13055,5974.133323512494
13056,3734.1307450688414
13057,1489.1453148320397
13058,10080.179010093772
13059,11066.693133301465
13060,4142.878793694852
13061,4226.011529206953
13062,7516.830406610165
13063,3908.129527548685
13064,763.6274712517215
13065,3319.5404549371533
13066,1552.515140853875
13067,12032.40891277834
13068,810.5282512957297
13069,8624.249137911855
13070,13956.47088551178
13071,430.2907216467879
13072,4220.242185466972
13073,6187.951139831222
13074,7502.945837258676
13075,1933.9781409357556
13076,16306.566376865476
13077,927.2554371121837
13078,597.2617809145763
13079,5797.632739957924
13080,1661.879293933161
13081,448.78368413657245
13082,3767.3674465408117
13083,595.2225134707483
13084,827.472938502709
13085,324.6196163537893
13086,2143.276387701342
13087,11551.23386727118
13088,5326.082531046448
13089,9053.015351641803
13090,3774.4396289143624
13091,1096.2879631247788
13092,3425.025646671067
13093,621.8248546786567
13094,688.7618655241245
13095,14167.182307576713
13096,2277.16331864143
13097,1121.0729647716103
13098,10151.552223345987
13099,727.678812062888
13100,3702.4887248812133
13101,730.685347240435
13102,4636.045728045414
13103,11732.44688856781
13104,6221.4955537951955
13105,14272.363486437409
13106,3564.4765131374706
13107,1688.6154761407115
13108,4702.462570311735
13109,6847.9041420428875
13110,4935.2970950446
13111,898.8884534862414
13112,2326.8721713014065
13113,6713.4914238087
13114,6455.465617600061
13115,390.57147580806304
13116,5057.284696209035
13117,5581.574099643019
13118,12315.407532305182
13119,4197.340172861004
13120,4706.959210356196
13121,1446.8997172010172
13122,5077.572195207076
13123,6565.4896455613925
13124,4663.527805686271
13125,4523.595886251539
13126,979.6808524835456
13127,2203.517476734367
13128,395.4619080620005
13129,4528.359004809775
13130,15214.11468891862
13131,10813.633092995797
13132,1985.398769268429
13133,7542.135843037822
13134,1475.7331677539537
13135,1090.7630561796186
13136,15829.030493322623
13137,735.5908203283493
13138,3671.3687855754793
13139,807.3873968141447
13140,4241.582470031724
13141,1918.1001172291349
13142,3615.464108865661
13143,4639.468903418008
13144,3894.6652500065566
13145,4330.403341756698
13146,816.0135026904368
13147,893.0888615332242
13148,925.0780915227006
13149,902.7548833885776
13150,2965.9147763939463
13151,884.5968571875028
13152,1829.4535982889474
13153,1368.2382588313562
13154,560.6848556726991
13155,4232.763207208852
13156,1385.9199923453361
13157,13495.465397813763
13158,2400.8039666364857
13159,850.0937100629367
13160,1034.857345663671
13161,1164.3612757200367
13162,2731.2324186871365
13163,2142.8657546422246
13164,7422.96113124663
13165,1926.3756412888808
13166,789.7625656069358
13167,308.09840969273637
13168,4900.765060902478
13169,4306.803311434644
13170,10517.278378987707
13171,4917.828067772858
13172,1755.6415713818687
13173,738.7907741915569
13174,2510.0231957736705
13175,5542.58265497675
13176,1157.6082455771252
13177,734.8019321338365
13178,8419.93822054208
13179,6818.443581276702
13180,10575.944560048734
13181,1585.6349535915115
13182,1976.725821263335
13183,906.67633739739
13184,15593.709817796072
13185,15992.620244889154
13186,868.9115133585556
13187,866.7372208600705
13188,11472.782021971088
13189,570.8102076665859
13190,5677.274009320123
13191,4451.052246692457
13192,2631.0394957136295
13193,8755.276979448368
13194,4350.2507570816915
13195,4014.918684453799
13196,2068.2478805058768
13197,2498.7937616512563
13198,1124.909953769205
13199,1853.69471639429
13200,2476.2668683464585
13201,14057.50839438283
13202,635.8891340788468
13203,822.8980113438515
13204,8697.247658531289
13205,623.2783272685424
13206,922.062190529135
13207,1078.8648562938997
13208,876.21249417034
13209,1656.9133708410482
13210,11163.003323621322
13211,4508.796984201809
13212,4174.380573704181
13213,1687.71520969436
13214,594.1135216898374
13215,16084.49749484058
13216,3198.900860904529
13217,1065.0301859271558
13218,10469.36905088697
13219,1349.7166288809462
13220,3729.147784160476
13221,5075.458758182744
13222,2655.8780979567605
13223,1608.3252727099753
13224,9722.235927339741
13225,7775.9710008742495
13226,11457.430510630202
13227,4942.51836857086
13228,3971.9278396543978
13229,12986.07239172701
13230,8499.411957424916
13231,6415.906635467483
13232,625.324362068472
13233,4167.071114332153
13234,2746.364410143022
13235,8024.802943629038
13236,5653.82403229911
13237,2544.880474071371
13238,12213.661052926596
13239,2888.2422220436074
13240,2606.537417094074
13241,1817.1725932898407
13242,9318.6366250811
13243,3087.4230624739603
13244,5309.285127395379
13245,820.1805384624927
13246,12006.523476220666
13247,3803.961921446855
13248,805.8492791018398
13249,1891.3329784695175
13250,706.8977273166074
13251,1128.9766750316767
13252,1558.7806421257378
13253,3498.67300220019
13254,412.75597825302384
13255,3585.4073370074616
13256,1082.1724806062243
13257,6720.524154879884
13258,4094.4592177943796
13259,1294.792120010406
13260,594.2189692307497
13261,2325.9662360290436
13262,6581.119176518498
13263,990.0411178767731
13264,620.9381512831351
13265,713.7987568942331
13266,436.94896188564917
13267,2426.522589310768
13268,8377.161615100047
13269,9788.593804749118
13270,1353.4343657505
13271,675.5485000788412
13272,2147.4025511913514
13273,3045.913035969548
13274,13183.559375454148
13275,2752.1307307701372
13276,7647.325210053232
13277,6156.242817647256
13278,704.3999252332173
13279,5004.89376826768
13280,10914.67620080409
13281,623.4099386365824
13282,2005.4889189153103
13283,2438.5580649359217
13284,10331.455179564447
13285,1683.3486696574241
13286,437.70402929184775
13287,4615.329027011491
13288,5558.114877750581
13289,845.2291315670846
13290,3270.749633892484
13291,375.7403188323774
13292,3214.369861418273
13293,734.1262897811266
13294,3201.8484839543257
13295,3796.4637860821877
13296,4246.3295584927055
13297,496.9306572394994
13298,2750.339284156606
13299,3011.083788416319
13300,2662.8753741676974
13301,4121.444406851624
13302,11317.356534719454
13303,3272.9117995226475
13304,903.4330276229712
13305,698.7143628423892
13306,524.0374005718531
13307,3920.063208481263
13308,8823.84145197763
13309,2203.0463195125158
13310,1677.4887872364343
13311,876.9738465879036
13312,16651.731432247216
13313,2558.8695890683493
13314,849.2352011520798
13315,5193.396742397441
13316,2189.9056378997193
13317,2822.825523988954
13318,3572.1542667136587
13319,3856.400714783635
13320,6699.329299186016
13321,792.1908573533806
13322,498.7905240116679
13323,487.327484667981
13324,897.7763648129448
13325,10556.453829331283
13326,982.1825898671318
13327,4537.80726094448
13328,11425.272449605742
13329,1852.7602294273183
13330,795.4295544991896
13331,5802.688956148253
13332,7772.474428263239
13333,8940.240890683996
13334,3924.5476825075652
13335,5042.282600336542
13336,4873.5151836810155
13337,1409.430761846269
13338,898.4339987368126
13339,1247.158024481666
13340,2653.3188917908637
13341,15557.069058562232
13342,2039.4190770930995
13343,1351.0659707144118
13344,6232.5644019177
13345,1841.0949094399675
13346,14327.075696368493
13347,1336.9966135022828
13348,9335.569404084505
13349,488.4914883842698
13350,9464.31262006134
13351,4500.96307580666
13352,903.0697815803073
13353,2521.3160783966537
13354,1720.9174341446214
13355,690.3387963147102
13356,2638.1508861285383
13357,1105.8577439407313
13358,643.4426494048839
13359,1337.6992303949337
13360,1096.0325552329832
13361,4409.812113639345
13362,2414.308719833729
13363,4516.6057037170785
13364,1540.440942132267
13365,569.4628977973321
13366,806.8098743918981
13367,566.4600445164242
13368,819.529129806077
13369,2792.4145407097694
13370,673.3638793698283
13371,1490.0063845468194
13372,6382.346693065705
13373,4745.393137630407
13374,860.2740107478608
13375,2351.6098507910165
13376,3179.1987117447925
13377,1096.8462826067416
13378,4411.404945415694
13379,5393.785768009485
13380,4686.629680010447
13381,5595.745788419947
13382,988.330263732496
13383,3011.238461098397
13384,4101.518413817749
13385,7633.777739631385
13386,1324.2394248694472
13387,11058.127170264896
13388,520.108763164751
13389,4449.578714034329
13390,4911.552816848861
13391,8491.135494028342
13392,349.9559592492419
13393,8234.986399349844
13394,551.8018856467565
13395,2644.4692563692156
13396,5513.41153965563
13397,769.4685465659513
13398,9693.628451952743
13399,1187.778027891451
13400,780.4432942991316
13401,4454.305576354402
13402,7755.9167128006775
13403,1061.2313993189787
13404,3602.7382040320676
13405,2003.7323845544463
13406,969.7439849881093
13407,2286.135623103104
13408,1584.7381540839906
13409,11809.038400293517
13410,4550.864894834435
13411,1314.186765456404
13412,4283.082415012421
13413,797.5429736244469
13414,9138.8269825622
13415,1774.1426005057242
13416,6810.247082320604
13417,720.4459329230735
13418,4321.538435376339
13419,830.5823272577491
13420,7761.794320042102
13421,2605.3909721444725
13422,1665.3893391234978
13423,612.5357938769439
13424,7464.789795802833
13425,803.9285848080963
13426,1585.7299586983172
13427,1251.0355317419726
13428,2919.241106461091
13429,1047.889993756938
13430,752.6231892970709
13431,958.5437760639256
13432,10834.257474623428
13433,486.35651373910196
13434,6053.916495086643
13435,360.22787268810043
13436,1285.469126858019
13437,1017.1169435051088
13438,2976.57821603704
13439,15683.326877593925
13440,2420.1890456160672
13441,1955.357017071052
13442,1151.8680681729024
13443,3775.554377974408
13444,1912.9716116061936
13445,869.152039053421
13446,3626.7025490988563
13447,10540.51796821374
13448,11871.695756648209
13449,779.3560124997725
13450,3093.665135942216
13451,2316.487243255372
13452,10692.861041673554
13453,3175.5969740664254
13454,5858.1655093900645
13455,691.9691966861724
13456,573.4554666822442
13457,1962.3186006944077
13458,1623.6491682363912
13459,4084.901656161738
13460,2064.7347365898327
13461,1840.2404602047686
13462,2444.264149924807
13463,794.5311296978607
13464,8240.307344544792
13465,1688.497437955447
13466,7273.938931619321
13467,779.4594749889825
13468,723.4645259241856
13469,1471.7485932482546
13470,1151.7446602568884
13471,528.3717644739781
13472,764.5422725511489
13473,807.7350865637577
13474,805.9612187706989
13475,4909.5358185839705
13476,4564.310180479006
13477,713.4284638153563
13478,8311.742409600789
13479,17287.19293751214
13480,1682.3542650367735
13481,2379.452645824884
13482,3136.220172893923
13483,2113.3857752771496
13484,766.7351675690729
